,cell_types
AAACCCAGTGTTCATG-1-PBS,Myel. prog. #1
AAACGAACAAGTAGTA-1-PBS,Ery. prog. #2
AAACGAACACATTCTT-1-PBS,MK prog.
AAACGAACATGGAACG-1-PBS,Myel. prog. #2
AAACGAACATTCAGGT-1-PBS,HSCs #1.
AAACGAAGTCACCCTT-1-PBS,Myel. prog. #2
AAACGAAGTGACTCGC-1-PBS,LMPPs #1
AAACGCTGTCCACTTC-1-PBS,HSCs #2
AAACGCTGTCCTACAA-1-PBS,LMPPs #2
AAACGCTGTTCCCAAA-1-PBS,Myel. prog. #3
AAACGCTTCATAGAGA-1-PBS,Ery. prog. #2
AAACGCTTCGCAAGAG-1-PBS,Myel. prog. #3
AAAGAACAGGAACTCG-1-PBS,Myel. prog. #3
AAAGAACCACTACCGG-1-PBS,Myel. prog. #1
AAAGAACGTGCGGCTT-1-PBS,MK prog.
AAAGAACTCCATTGCC-1-PBS,HSCs/Ery. prog.
AAAGGATCAATGACCT-1-PBS,Myel. prog. #1
AAAGGATGTATCAGGG-1-PBS,Myel. prog. #1
AAAGGATGTATGGAGC-1-PBS,Myel. prog. #1
AAAGGGCGTAAGCGGT-1-PBS,MK prog.
AAAGGGCGTAATGATG-1-PBS,Myel. prog. #3
AAAGGTACAACAGAGC-1-PBS,MK prog.
AAAGGTACATCCGATA-1-PBS,Ery. prog. #1
AAAGTCCCACCAGTAT-1-PBS,HSCs #1.
AAAGTCCTCTGAGGTT-1-PBS,Myel. prog. #2
AAAGTCCTCTGGACTA-1-PBS,Myel. prog. #1
AAAGTGACAGACGCTC-1-PBS,LMPPs #2
AAAGTGATCCATCCGT-1-PBS,Ery. prog. #2
AACAAAGAGGTTCAGG-1-PBS,Myel. prog. #1
AACAAAGCAGACAATA-1-PBS,Eosinophil prog.
AACAAAGTCTGTGCGG-1-PBS,Ery. prog. #2
AACAACCTCCCGATCT-1-PBS,Myel. prog. #3
AACAAGAGTTCAGTAC-1-PBS,LMPPs #2
AACACACGTTCTTGTT-1-PBS,HSCs #2
AACACACTCCGGTAAT-1-PBS,Myel. prog. #1
AACAGGGAGACTCAAA-1-PBS,Myel. prog. #1
AACAGGGCATTAAAGG-1-PBS,Myel. prog. #3
AACCAACAGGTGAGCT-1-PBS,Ery. prog. #2
AACCAACAGTGGACTG-1-PBS,Myel. prog. #1
AACCAACCAAGGACAC-1-PBS,LMPPs #1
AACCACAGTGTCTTCC-1-PBS,HSCs #1.
AACCACATCAAGCGTT-1-PBS,Myel. prog. #3
AACCATGAGATACATG-1-PBS,Myel. prog. #1
AACCATGGTATACCCA-1-PBS,LMPPs #1
AACCCAAAGTGCTAGG-1-PBS,Myel. prog. #2
AACCCAAGTGAATTAG-1-PBS,Myel. prog. #1
AACCTGATCAAGCTGT-1-PBS,Ery. prog. #1
AACCTTTAGGCGTCCT-1-PBS,Myel. prog. #2
AACCTTTAGTCTCCTC-1-PBS,Myel. prog. #1
AACCTTTGTCGTGTTA-1-PBS,LMPPs #2
AACCTTTGTGGGTCAA-1-PBS,Myel. prog. #1
AACCTTTTCACAGTGT-1-PBS,Ery. prog. #1
AACCTTTTCGCTTTAT-1-PBS,MK prog.
AACGAAACACAGCTTA-1-PBS,Myel. prog. #2
AACGAAACAGAGGTTG-1-PBS,MK prog.
AACGAAAGTTCCACAA-1-PBS,HSCs #2
AACGGGAAGCCGGATA-1-PBS,Ery. prog. #2
AACGGGAAGCCTGCCA-1-PBS,LMPPs #1
AACGGGACACCTGATA-1-PBS,Myel. prog. #2
AACGGGACACTGGCGT-1-PBS,Myel. prog. #2
AACGGGATCCCTCGAT-1-PBS,Myel. prog. #2
AACGGGATCTGTCCCA-1-PBS,Myel. prog. #3
AACTTCTAGCACTCGC-1-PBS,HSCs #2
AACTTCTAGCATCGAG-1-PBS,MK prog.
AACTTCTTCATTGCGA-1-PBS,HSCs #2
AAGAACAAGCAACAGC-1-PBS,MK prog.
AAGAACACAAAGGCTG-1-PBS,HSCs #2
AAGAACACATAATGAG-1-PBS,HSCs #2
AAGAACAGTTCGGTAT-1-PBS,Eosinophil prog.
AAGACAAAGCACCAGA-1-PBS,Ery. prog. #2
AAGACAAGTGACGCCT-1-PBS,Myel. prog. #1
AAGACAAGTTAGAAGT-1-PBS,LMPPs #1
AAGACTCCAGTAACGG-1-PBS,Myel. prog. #2
AAGACTCGTGAGTGAC-1-PBS,Ery. prog. #1
AAGATAGGTCTACAAC-1-PBS,MK prog.
AAGATAGTCATGCATG-1-PBS,Myel. prog. #3
AAGCATCCAGGAGACT-1-PBS,Myel. prog. #1
AAGCCATAGATGCGAC-1-PBS,MK prog.
AAGCCATAGCTGTCCG-1-PBS,MK prog.
AAGCCATCAAGCAATA-1-PBS,LMPPs #2
AAGCCATCAATACAGA-1-PBS,Myel. prog. #2
AAGCCATTCAGCCTCT-1-PBS,MK prog.
AAGCCATTCGTAGCTA-1-PBS,Eosinophil prog.
AAGCGAGTCAACCTCC-1-PBS,HSCs #2
AAGCGAGTCCAAGCTA-1-PBS,Ery. prog. #1
AAGCGAGTCGCTATTT-1-PBS,MK prog.
AAGCGAGTCGCTCATC-1-PBS,Myel. prog. #3
AAGCGAGTCTACGCAA-1-PBS,LMPPs #2
AAGCGTTCATGAATAG-1-PBS,Ery. prog. #2
AAGCGTTGTAACGCGA-1-PBS,MK prog.
AAGCGTTGTCGAATTC-1-PBS,Myel. prog. #2
AAGCGTTTCGCCAGTG-1-PBS,Myel. prog. #3
AAGGAATGTCATATGC-1-PBS,HSCs #2
AAGGAATTCCACACAA-1-PBS,MK prog.
AAGGTAACAAAGGGTC-1-PBS,MK prog.
AAGGTAACAGAGGCTA-1-PBS,MK prog.
AAGTACCAGCCTGAAG-1-PBS,LMPPs #1
AAGTACCCATTAAAGG-1-PBS,Myel. prog. #3
AAGTACCGTAGATTAG-1-PBS,Myel. prog. #3
AAGTACCGTCATCCGG-1-PBS,MK prog.
AAGTGAAAGACATACA-1-PBS,HSCs/Ery. prog.
AATAGAGAGGCCTAGA-1-PBS,Myel. prog. #3
AATAGAGGTACTGTTG-1-PBS,MK prog.
AATAGAGGTCGAATGG-1-PBS,Ery. prog. #1
AATAGAGGTTGATCGT-1-PBS,Myel. prog. #1
AATAGAGTCAGCCCAG-1-PBS,LMPPs #1
AATAGAGTCTTTGCAT-1-PBS,Eosinophil prog.
AATCACGAGTTGCCTA-1-PBS,HSCs #2
AATCACGCAGTGGGTA-1-PBS,Myel. prog. #2
AATCACGTCAAGGAGC-1-PBS,Myel. prog. #2
AATCGACAGAGTGTGC-1-PBS,Ery. prog. #2
AATCGACAGCTTCATG-1-PBS,Myel. prog. #1
AATCGACAGGTCTGGA-1-PBS,LMPPs #2
AATCGTGAGTCACGCC-1-PBS,Ery. prog. #1
AATCGTGCAATCTCTT-1-PBS,LMPPs #2
AATGAAGGTTAAACCC-1-PBS,Ery. prog. #1
AATGACCAGATTCGCT-1-PBS,LMPPs #2
AATGACCAGCCAGAGT-1-PBS,Myel. prog. #1
AATGACCCAGGAACCA-1-PBS,Myel. prog. #3
AATGACCCAGTGACCC-1-PBS,LMPPs #2
AATGACCTCGAGAAAT-1-PBS,Myel. prog. #2
AATGCCAAGTATGATG-1-PBS,LMPPs #2
AATGCCATCACTGATG-1-PBS,MK prog.
AATGGAACATCCGGTG-1-PBS,HSCs #2
AATGGAAGTCGATTAC-1-PBS,MK prog.
AATGGCTGTGCTGTCG-1-PBS,Ery. prog. #2
AATGGCTGTGGTCCCA-1-PBS,Myel. prog. #3
AATGGCTTCCTTCTAA-1-PBS,Myel. prog. #3
AATGGCTTCTAGAGCT-1-PBS,Eosinophil prog.
AATGGCTTCTCTGAGA-1-PBS,Ery. prog. #2
AATTCCTCAAATGATG-1-PBS,Myel. prog. #2
AATTCCTGTCTTCATT-1-PBS,HSCs #2
AATTTCCAGGTACCTT-1-PBS,Myel. prog. #2
AATTTCCGTAATACCC-1-PBS,HSCs #2
AATTTCCGTACCCACG-1-PBS,HSCs #1.
AATTTCCTCCCATAGA-1-PBS,HSCs #2
ACAAAGACATGGATCT-1-PBS,Ery. prog. #2
ACAAAGAGTTACCTTT-1-PBS,HSCs #2
ACAACCAAGTGATCGG-1-PBS,Myel. prog. #3
ACAACCACACACCGCA-1-PBS,Myel. prog. #2
ACAACCACACATACGT-1-PBS,HSCs #2
ACAAGCTAGGTAAACT-1-PBS,Myel. prog. #3
ACACAGTCACCCTTAC-1-PBS,HSCs #2
ACACAGTTCAGCTGTA-1-PBS,Myel. prog. #2
ACACAGTTCCTAGCGG-1-PBS,Ery. prog. #2
ACACAGTTCTTCGCTG-1-PBS,HSCs/Ery. prog.
ACACCAAAGACATCAA-1-PBS,Myel. prog. #3
ACACCAAAGATGTTGA-1-PBS,MK prog.
ACACCAACACAGCCAC-1-PBS,Myel. prog. #2
ACACCAAGTCCTGTCT-1-PBS,MK prog.
ACACCAAGTGTGACCC-1-PBS,Ery. prog. #2
ACACTGAAGACGGATC-1-PBS,Myel. prog. #1
ACACTGAAGGGTAATT-1-PBS,LMPPs #2
ACACTGAAGGTCTGGA-1-PBS,Myel. prog. #2
ACACTGAAGTCATGAA-1-PBS,LMPPs #2
ACACTGAGTTCGGTTA-1-PBS,MK prog.
ACAGAAAAGGATACGC-1-PBS,Ery. prog. #1
ACAGAAAAGTCAGCCC-1-PBS,Myel. prog. #3
ACAGAAAAGTCCCTAA-1-PBS,MK prog.
ACAGAAAGTATGACAA-1-PBS,HSCs #2
ACAGAAATCCCTCATG-1-PBS,Ery. prog. #2
ACAGAAATCCCTCTTT-1-PBS,MK prog.
ACAGAAATCTTCGGTC-1-PBS,LMPPs #1
ACAGCCGTCCGCTTAC-1-PBS,Myel. prog. #2
ACAGGGAAGCGACATG-1-PBS,Myel. prog. #1
ACAGGGAAGGGCAACT-1-PBS,MK prog.
ACAGGGACATGTGACT-1-PBS,Myel. prog. #2
ACAGGGAGTGAAGCGT-1-PBS,MK prog.
ACATCCCCAGTCAGCC-1-PBS,Ery. prog. #2
ACATCCCGTTTCACAG-1-PBS,Ery. prog. #1
ACATCGACACACGGTC-1-PBS,Ery. prog. #1
ACATCGACATACCATG-1-PBS,HSCs #2
ACATCGACATGAGTAA-1-PBS,HSCs #2
ACATCGATCATGTCTT-1-PBS,Ery. prog. #2
ACATCGATCCTGCTAC-1-PBS,Myel. prog. #1
ACATCGATCTGAGTCA-1-PBS,LMPPs #1
ACATGCACATCGGATT-1-PBS,Myel. prog. #2
ACATTTCCACTTCAAG-1-PBS,MK prog.
ACATTTCCATGGACAG-1-PBS,Ery. prog. #2
ACATTTCTCACAACCA-1-PBS,Myel. prog. #2
ACATTTCTCGCTTACC-1-PBS,HSCs #2
ACATTTCTCTTTGCTA-1-PBS,HSCs #2
ACCAAACAGGGACACT-1-PBS,Myel. prog. #1
ACCACAAGTCGTTGCG-1-PBS,MK prog.
ACCACAATCGAGAGCA-1-PBS,Myel. prog. #2
ACCACAATCTACCTTA-1-PBS,HSCs #2
ACCATTTGTTATGTCG-1-PBS,Ery. prog. #1
ACCATTTTCAGAGTTC-1-PBS,HSCs #1.
ACCATTTTCCATCTGC-1-PBS,Myel. prog. #3
ACCATTTTCTTAGGAC-1-PBS,HSCs #2
ACCCAAACATAAGCAA-1-PBS,HSCs #2
ACCCAAAGTGGCTACC-1-PBS,Ery. prog. #1
ACCCAAAGTGGGACAT-1-PBS,HSCs #2
ACCCTCAAGTACAGCG-1-PBS,Myel. prog. #2
ACCCTCACAGGCTCTG-1-PBS,Ery. prog. #1
ACCGTTCGTCAGCGTC-1-PBS,Ery. prog. #1
ACCGTTCGTTATGTCG-1-PBS,Myel. prog. #1
ACCTACCCATGACCCG-1-PBS,Myel. prog. #2
ACCTACCGTGAACCGA-1-PBS,Myel. prog. #3
ACCTGAAGTAGCGATG-1-PBS,Myel. prog. #2
ACCTGTCGTCGGATTT-1-PBS,LMPPs #1
ACGATCAAGCAACCAG-1-PBS,MK prog.
ACGATCACAGCGGTTC-1-PBS,Myel. prog. #2
ACGATCATCTGACCCT-1-PBS,HSCs #1.
ACGATGTGTATACGGG-1-PBS,Myel. prog. #1
ACGATGTGTCTGTGAT-1-PBS,Ery. prog. #1
ACGCACGAGATCCCGC-1-PBS,Myel. prog. #1
ACGCACGAGTGATAGT-1-PBS,Ery. prog. #1
ACGCACGAGTTGCGAG-1-PBS,Ery. prog. #2
ACGCACGCACCTGTCT-1-PBS,HSCs #2
ACGCACGTCGGAGTAG-1-PBS,LMPPs #1
ACGGAAGAGGCCGCTT-1-PBS,HSCs #2
ACGGAAGAGGGAGAAT-1-PBS,MK prog.
ACGGAAGCAACTGTGT-1-PBS,Myel. prog. #1
ACGGAAGTCCGTAATG-1-PBS,MK prog.
ACGGGTCCAGAAGTTA-1-PBS,Myel. prog. #3
ACGGGTCTCCCAGGAC-1-PBS,HSCs #2
ACGGGTCTCTACCCAC-1-PBS,Myel. prog. #1
ACGGTCGAGTGATAAC-1-PBS,MK prog.
ACGGTCGCAGAGGACT-1-PBS,LMPPs #2
ACGGTCGCAGTAACGG-1-PBS,Ery. prog. #2
ACGGTCGCAGTCAGCC-1-PBS,HSCs #2
ACGGTTACACCTGCTT-1-PBS,Myel. prog. #1
ACGGTTAGTCCAGGTC-1-PBS,Ery. prog. #1
ACGGTTAGTCGCTTGG-1-PBS,Myel. prog. #3
ACGTAACAGAAATTCG-1-PBS,MK prog.
ACGTACAAGTCAGAGC-1-PBS,MK prog.
ACGTACAAGTGGTGGT-1-PBS,Myel. prog. #2
ACGTACACACGCTGAC-1-PBS,Myel. prog. #1
ACGTACAGTGGCGCTT-1-PBS,Ery. prog. #2
ACGTACAGTGTCCGTG-1-PBS,LMPPs #2
ACGTACATCAAGAATG-1-PBS,HSCs #2
ACGTAGTCAGTCTGGC-1-PBS,Myel. prog. #1
ACGTCCTCACGTAACT-1-PBS,Ery. prog. #2
ACGTCCTGTTTAAGGA-1-PBS,Myel. prog. #2
ACTACGAAGATCCCAT-1-PBS,LMPPs #1
ACTACGACAAGGCTTT-1-PBS,LMPPs #1
ACTACGAGTCCAGCGT-1-PBS,Myel. prog. #1
ACTACGAGTCCAGGTC-1-PBS,Ery. prog. #1
ACTACGAGTTGTCCCT-1-PBS,LMPPs #1
ACTATGGCAGGCTCTG-1-PBS,Eosinophil prog.
ACTATGGCATATTCGG-1-PBS,Ery. prog. #2
ACTATGGGTTGCACGC-1-PBS,Myel. prog. #3
ACTATGGTCAAGCCCG-1-PBS,HSCs #2
ACTATGGTCTCATTTG-1-PBS,MK prog.
ACTATTCCAGCCGGTT-1-PBS,Myel. prog. #3
ACTATTCGTCAAAGAT-1-PBS,LMPPs #2
ACTCCCAAGCGGCTCT-1-PBS,HSCs #2
ACTCCCACAGCATACT-1-PBS,MK prog.
ACTCCCAGTCACTACA-1-PBS,HSCs #2
ACTCTCGAGAGATCGC-1-PBS,LMPPs #1
ACTCTCGCAGTTACCA-1-PBS,MK prog.
ACTGATGTCACGGTCG-1-PBS,Myel. prog. #2
ACTGCAACACACTGGC-1-PBS,Myel. prog. #2
ACTGCAAGTCTTGTCC-1-PBS,LMPPs #2
ACTGTGACAATGAACA-1-PBS,HSCs #2
ACTTAGGGTAGGCAGT-1-PBS,Myel. prog. #1
ACTTAGGTCGGAATTC-1-PBS,Ery. prog. #2
ACTTATCCAGCAAGAC-1-PBS,Myel. prog. #1
ACTTATCCAGCTGTCG-1-PBS,HSCs #2
ACTTATCCATTGCCTC-1-PBS,LMPPs #1
ACTTATCGTAAGTTGA-1-PBS,LMPPs #2
ACTTATCTCGGTAGGA-1-PBS,LMPPs #1
ACTTCCGTCTATACTC-1-PBS,LMPPs #1
ACTTCGCCAATGAGCG-1-PBS,LMPPs #2
ACTTCGCTCATGCCAA-1-PBS,Ery. prog. #1
ACTTCGCTCGGAGATG-1-PBS,Ery. prog. #2
ACTTTCACAAGCTCTA-1-PBS,MK prog.
ACTTTCAGTGGCTAGA-1-PBS,Myel. prog. #1
ACTTTGTAGTGATCGG-1-PBS,MK prog.
ACTTTGTGTCAACACT-1-PBS,Myel. prog. #2
ACTTTGTGTTCGGGTC-1-PBS,Ery. prog. #1
AGAAATGCAGCACCCA-1-PBS,LMPPs #1
AGAAATGGTAACCAGG-1-PBS,Myel. prog. #1
AGAAATGGTCTGTTAG-1-PBS,LMPPs #1
AGAACAAAGATGGCAC-1-PBS,Ery. prog. #1
AGAACAAGTCCCGTGA-1-PBS,Myel. prog. #2
AGAACAAGTCTTTATC-1-PBS,Myel. prog. #2
AGAACAAGTTCAAAGA-1-PBS,Myel. prog. #3
AGAACCTAGTGCACTT-1-PBS,Ery. prog. #2
AGAACCTGTGTGAATA-1-PBS,LMPPs #1
AGAAGCGAGAAGGTAG-1-PBS,Myel. prog. #1
AGAAGCGCAAGCCTGC-1-PBS,MK prog.
AGAAGCGGTCCAGAAG-1-PBS,Myel. prog. #1
AGAAGTATCTGAGAAA-1-PBS,Eosinophil prog.
AGACAAATCTCTCTTC-1-PBS,Myel. prog. #1
AGACACTAGGATGTTA-1-PBS,Myel. prog. #1
AGACACTTCCGACATA-1-PBS,MK prog.
AGACAGGAGGCGTTAG-1-PBS,LMPPs #2
AGACCATAGGATACGC-1-PBS,MK prog.
AGACCATGTGCCTGAC-1-PBS,LMPPs #2
AGACCATTCACAATGC-1-PBS,LMPPs #1
AGACCCGAGAGTCAAT-1-PBS,Myel. prog. #2
AGACCCGAGTAGCAAT-1-PBS,Myel. prog. #1
AGACCCGCAGGTATGG-1-PBS,Myel. prog. #2
AGACCCGCATCGGAAG-1-PBS,LMPPs #2
AGACCCGGTACGTGAG-1-PBS,Myel. prog. #1
AGACCCGTCAAGCCGC-1-PBS,MK prog.
AGACCCGTCCACCCTA-1-PBS,LMPPs #2
AGACTCAAGGGCAGTT-1-PBS,MK prog.
AGACTCACAGCGGTTC-1-PBS,Myel. prog. #1
AGACTCATCCGCGGAT-1-PBS,LMPPs #1
AGAGAATCAAGTGCTT-1-PBS,Myel. prog. #3
AGAGAATCATAAGCGG-1-PBS,Myel. prog. #1
AGAGAATTCAAACCTG-1-PBS,HSCs #2
AGAGAGCCAATAGTCC-1-PBS,Myel. prog. #2
AGAGAGCCAGGTCCGT-1-PBS,HSCs #1.
AGAGAGCGTACACTCA-1-PBS,MK prog.
AGAGCAGCACCTGATA-1-PBS,HSCs #2
AGAGCAGTCGAAGAAT-1-PBS,MK prog.
AGAGCAGTCTATTTCG-1-PBS,Ery. prog. #1
AGAGCCCTCGATGCAT-1-PBS,LMPPs #2
AGATAGAAGTTACGGG-1-PBS,Myel. prog. #2
AGATAGACAGTAACGG-1-PBS,HSCs/Ery. prog.
AGATAGAGTTGTAAAG-1-PBS,Eosinophil prog.
AGATCCAGTCTCAGGC-1-PBS,Myel. prog. #1
AGATCGTTCAAACCTG-1-PBS,MK prog.
AGATCGTTCAGCTTGA-1-PBS,Myel. prog. #1
AGATCGTTCGACATTG-1-PBS,HSCs #2
AGATCGTTCGGTCACG-1-PBS,Myel. prog. #1
AGATGCTAGCTAGATA-1-PBS,Ery. prog. #2
AGATGCTTCTCTGCCA-1-PBS,HSCs #2
AGCATCAAGGCAGGTT-1-PBS,Ery. prog. #2
AGCATCATCATAGACC-1-PBS,Myel. prog. #2
AGCCAATCAAATCAGA-1-PBS,Myel. prog. #1
AGCCAATCACTGGCGT-1-PBS,Myel. prog. #1
AGCCAATGTATGGAAT-1-PBS,HSCs/Ery. prog.
AGCCACGAGTACAGAT-1-PBS,LMPPs #1
AGCCACGGTTCCCAAA-1-PBS,HSCs #2
AGCCACGTCATAGGCT-1-PBS,Ery. prog. #1
AGCCAGCAGCGAATGC-1-PBS,Ery. prog. #1
AGCCAGCAGCTACTGT-1-PBS,Myel. prog. #1
AGCCAGCGTGGTAATA-1-PBS,Myel. prog. #1
AGCCAGCTCTGCCTCA-1-PBS,HSCs #2
AGCGATTAGGTACATA-1-PBS,Myel. prog. #3
AGCGCCAAGATTAGTG-1-PBS,LMPPs #1
AGCGCCAAGGAATCGC-1-PBS,HSCs #2
AGCGCCAAGTCTTCGA-1-PBS,Myel. prog. #3
AGCGCCACATAGTCAC-1-PBS,LMPPs #1
AGCGCCAGTTCCTAAG-1-PBS,LMPPs #1
AGCGCTGAGACCTCAT-1-PBS,MK prog.
AGCGCTGAGCGGTATG-1-PBS,Myel. prog. #2
AGCGTATTCGTTCCCA-1-PBS,MK prog.
AGCGTATTCTAGTCAG-1-PBS,Ery. prog. #1
AGCGTCGCAGACCATT-1-PBS,LMPPs #2
AGCGTCGGTATGGAGC-1-PBS,LMPPs #2
AGCTACAAGTACCGGA-1-PBS,MK prog.
AGCTACACACAGTATC-1-PBS,Myel. prog. #3
AGCTACAGTCTGATAC-1-PBS,Myel. prog. #2
AGCTACAGTGGATACG-1-PBS,Myel. prog. #2
AGCTCAAAGCAGGGAG-1-PBS,Myel. prog. #3
AGCTCAACAGAAGTTA-1-PBS,Ery. prog. #2
AGCTCAAGTGGTAATA-1-PBS,MK prog.
AGCTTCCGTCGATGCC-1-PBS,Ery. prog. #2
AGCTTCCTCCCAGGCA-1-PBS,Myel. prog. #1
AGCTTCCTCTCCATAT-1-PBS,Myel. prog. #3
AGCTTCCTCTCGCTTG-1-PBS,Myel. prog. #3
AGGAAATAGACGCAGT-1-PBS,MK prog.
AGGAAATAGAGCAACC-1-PBS,Myel. prog. #3
AGGAAATCACACCTAA-1-PBS,Myel. prog. #1
AGGAAATCAGACCGCT-1-PBS,Myel. prog. #3
AGGAAATCAGCTGGTC-1-PBS,HSCs #2
AGGAAATTCCTTACCG-1-PBS,Ery. prog. #1
AGGAATAAGACGGATC-1-PBS,MK prog.
AGGAATAGTACCAATC-1-PBS,Ery. prog. #1
AGGAATAGTCTACGAT-1-PBS,LMPPs #1
AGGAATATCCAGTGCG-1-PBS,LMPPs #1
AGGACGAAGGGTATAT-1-PBS,Ery. prog. #2
AGGACTTCACCTGCAG-1-PBS,LMPPs #2
AGGACTTTCGAGTCCG-1-PBS,Myel. prog. #1
AGGAGGTGTACTTCCC-1-PBS,MK prog.
AGGATAAGTCATAGTC-1-PBS,MK prog.
AGGATAATCATGCCGG-1-PBS,Myel. prog. #2
AGGATCTAGACGGATC-1-PBS,HSCs #2
AGGATCTAGCGTGTCC-1-PBS,Myel. prog. #1
AGGATCTAGCTCACTA-1-PBS,Myel. prog. #2
AGGATCTTCCGTAATG-1-PBS,Myel. prog. #2
AGGCATTAGTGGCCTC-1-PBS,MK prog.
AGGCATTCATAACAGA-1-PBS,HSCs #1.
AGGCATTTCCTCACCA-1-PBS,Myel. prog. #1
AGGCCACGTTGGGTAG-1-PBS,Myel. prog. #1
AGGCCACTCCACGGAC-1-PBS,MK prog.
AGGCCACTCCGTGTGG-1-PBS,MK prog.
AGGCTGCAGCAGGGAG-1-PBS,LMPPs #2
AGGGAGTTCCAACCAA-1-PBS,Myel. prog. #3
AGGGAGTTCCGAAATC-1-PBS,Ery. prog. #2
AGGGCCTAGATGGTAT-1-PBS,Ery. prog. #2
AGGGCCTAGGATACCG-1-PBS,HSCs #2
AGGGCCTCAAGCTACT-1-PBS,HSCs/Ery. prog.
AGGGCTCAGATAGTCA-1-PBS,MK prog.
AGGGCTCAGGTGTGAC-1-PBS,MK prog.
AGGGCTCGTTATAGAG-1-PBS,MK prog.
AGGGCTCTCCGAGAAG-1-PBS,LMPPs #2
AGGGTCCAGAAATCCA-1-PBS,Myel. prog. #1
AGGGTCCCATAGATCC-1-PBS,Myel. prog. #1
AGGGTCCTCGGTAGGA-1-PBS,Myel. prog. #1
AGGGTGACAATCACGT-1-PBS,HSCs #2
AGGGTGACAGGTGACA-1-PBS,MK prog.
AGGGTGACATTCACCC-1-PBS,Myel. prog. #1
AGGGTGAGTGGTGATG-1-PBS,Myel. prog. #1
AGGGTTTCAAGCGAGT-1-PBS,MK prog.
AGGGTTTCAGATTCGT-1-PBS,Ery. prog. #2
AGGGTTTCATGTCTAG-1-PBS,Myel. prog. #2
AGGGTTTTCGGTCGAC-1-PBS,Ery. prog. #2
AGGGTTTTCTGAGTCA-1-PBS,Myel. prog. #1
AGGTAGGAGCTGAAAT-1-PBS,LMPPs #1
AGGTAGGAGGATTTAG-1-PBS,Myel. prog. #2
AGGTCATCAGTATGAA-1-PBS,Myel. prog. #3
AGGTCATGTCCCACGA-1-PBS,MK prog.
AGGTCATGTGGCCCAT-1-PBS,LMPPs #1
AGGTCATGTGGCTGAA-1-PBS,MK prog.
AGGTCATTCTCGTCGT-1-PBS,LMPPs #2
AGGTGTTCAACCGTGC-1-PBS,Myel. prog. #1
AGGTGTTTCGTCGACG-1-PBS,Myel. prog. #1
AGGTTACAGGCTTCCG-1-PBS,LMPPs #2
AGGTTACGTATTCCGA-1-PBS,Ery. prog. #1
AGGTTGTCACATATCG-1-PBS,Eosinophil prog.
AGGTTGTGTCTACATG-1-PBS,LMPPs #1
AGGTTGTGTGACTAAA-1-PBS,Myel. prog. #1
AGGTTGTGTTAGGCCC-1-PBS,Eosinophil prog.
AGGTTGTGTTCAGCTA-1-PBS,Myel. prog. #1
AGGTTGTTCGCCAACG-1-PBS,Ery. prog. #2
AGTACCAAGCAGCGAT-1-PBS,Myel. prog. #3
AGTACCACATAGCACT-1-PBS,Myel. prog. #3
AGTACCATCTAGACCA-1-PBS,LMPPs #1
AGTACTGAGCTAAATG-1-PBS,LMPPs #1
AGTACTGAGGGAGAAT-1-PBS,LMPPs #2
AGTACTGCAAGCTGCC-1-PBS,Myel. prog. #1
AGTACTGGTCGCGGTT-1-PBS,Ery. prog. #2
AGTAGCTCATCCCACT-1-PBS,Myel. prog. #2
AGTAGCTGTTCGAACT-1-PBS,Eosinophil prog.
AGTAGTCAGAGTTGTA-1-PBS,Myel. prog. #1
AGTAGTCCAAAGCACG-1-PBS,Myel. prog. #1
AGTAGTCCAGACATCT-1-PBS,HSCs #2
AGTAGTCCATGGCTGC-1-PBS,Ery. prog. #1
AGTAGTCGTAGCTCGC-1-PBS,Ery. prog. #2
AGTAGTCGTTTACGAC-1-PBS,Ery. prog. #1
AGTCAACGTCACTCAA-1-PBS,MK prog.
AGTCAACTCGATGCTA-1-PBS,Myel. prog. #1
AGTCACACAGGCATTT-1-PBS,Myel. prog. #1
AGTCACACAGTCTGGC-1-PBS,Myel. prog. #3
AGTCACAGTCAAAGCG-1-PBS,LMPPs #1
AGTCATGCATGTGGCC-1-PBS,HSCs #2
AGTCATGTCTATGCCC-1-PBS,Myel. prog. #1
AGTCATGTCTTGCAGA-1-PBS,LMPPs #2
AGTCTCCAGCGAAACC-1-PBS,Myel. prog. #1
AGTCTCCCATATCTGG-1-PBS,Ery. prog. #2
AGTCTCCCATGGCTAT-1-PBS,Ery. prog. #2
AGTCTCCGTAGCACAG-1-PBS,Ery. prog. #1
AGTGACTAGTCAATCC-1-PBS,LMPPs #2
AGTGACTCAGCGAACA-1-PBS,Myel. prog. #2
AGTGACTGTTGGGCCT-1-PBS,LMPPs #1
AGTGATCAGAGCCATG-1-PBS,LMPPs #1
AGTGATCCAGTACTAC-1-PBS,Myel. prog. #3
AGTGCCGAGAGCATTA-1-PBS,Myel. prog. #3
AGTGCCGTCCATCAGA-1-PBS,Ery. prog. #2
AGTGTTGAGACCATTC-1-PBS,LMPPs #2
AGTGTTGCACGATAGG-1-PBS,MK prog.
AGTTAGCAGACCCGCT-1-PBS,MK prog.
AGTTAGCGTACGGCAA-1-PBS,Myel. prog. #1
AGTTCCCAGGCGAAGG-1-PBS,LMPPs #2
AGTTCCCGTGACTGTT-1-PBS,Myel. prog. #2
AGTTCCCTCTACGCGG-1-PBS,HSCs #1.
AGTTCCCTCTGTTCAT-1-PBS,HSCs #2
AGTTCGAGTGGTACAG-1-PBS,Myel. prog. #3
AGTTCGATCAGATTGC-1-PBS,MK prog.
ATACCTTGTCCTCAGG-1-PBS,HSCs #2
ATACCTTTCAATGTCG-1-PBS,MK prog.
ATACTTCTCACGTCCT-1-PBS,LMPPs #1
ATAGACCCAGGGCTTC-1-PBS,Eosinophil prog.
ATAGACCCATCGAACT-1-PBS,MK prog.
ATAGACCGTGCGTGCT-1-PBS,Myel. prog. #2
ATAGAGAAGGACATCG-1-PBS,LMPPs #1
ATAGAGACACCTGAAT-1-PBS,Myel. prog. #1
ATAGGCTAGTCGTCTA-1-PBS,MK prog.
ATAGGCTCAACTTCTT-1-PBS,Myel. prog. #1
ATCACAGAGAAGAGCA-1-PBS,MK prog.
ATCACAGCAAATGCGG-1-PBS,HSCs #2
ATCACAGTCTGAGAAA-1-PBS,HSCs #2
ATCACGACACCCAATA-1-PBS,Ery. prog. #2
ATCACGAGTAGGACCA-1-PBS,Myel. prog. #1
ATCACTTCAGCCTATA-1-PBS,HSCs #2
ATCACTTGTTCCTAGA-1-PBS,LMPPs #1
ATCACTTTCCTACACC-1-PBS,MK prog.
ATCACTTTCTGCGTCT-1-PBS,Ery. prog. #1
ATCCACCAGTGGCAGT-1-PBS,Ery. prog. #1
ATCCACCTCGAGTCTA-1-PBS,HSCs/Ery. prog.
ATCCACCTCGATTGAC-1-PBS,Myel. prog. #1
ATCCATTAGCAGCCTC-1-PBS,Myel. prog. #1
ATCCATTAGTGCAGCA-1-PBS,HSCs #2
ATCCATTCAAAGGGTC-1-PBS,HSCs #2
ATCCATTTCTCTATGT-1-PBS,Myel. prog. #1
ATCCCTGAGCAAGTGC-1-PBS,LMPPs #2
ATCCCTGCAGCTGAAG-1-PBS,Myel. prog. #3
ATCCCTGCAGCTGTCG-1-PBS,MK prog.
ATCCGTCCACTGTGAT-1-PBS,Ery. prog. #2
ATCCGTCGTACTGGGA-1-PBS,Myel. prog. #1
ATCCGTCGTGCAACGA-1-PBS,Ery. prog. #1
ATCCGTCTCTGCGATA-1-PBS,HSCs #2
ATCCTATAGTCCCGGT-1-PBS,HSCs #2
ATCCTATCACGTATAC-1-PBS,Ery. prog. #2
ATCGATGCAACACTAC-1-PBS,Myel. prog. #2
ATCGATGTCATTTCGT-1-PBS,HSCs #2
ATCGCCTGTATCCCAA-1-PBS,MK prog.
ATCGCCTTCCTCGATC-1-PBS,Myel. prog. #3
ATCGCCTTCTAAACGC-1-PBS,Myel. prog. #2
ATCGGATGTGTGTACT-1-PBS,Ery. prog. #1
ATCGGATTCTCAATCT-1-PBS,Ery. prog. #1
ATCGGCGGTATGGTAA-1-PBS,Myel. prog. #3
ATCGGCGGTTGGAGAC-1-PBS,Myel. prog. #2
ATCGTAGAGAGCCTGA-1-PBS,LMPPs #2
ATCGTAGGTCAATCTG-1-PBS,Eosinophil prog.
ATCGTAGGTGTGACCC-1-PBS,Ery. prog. #2
ATCGTCCGTACAGAGC-1-PBS,Myel. prog. #3
ATCGTCCTCGGCATTA-1-PBS,HSCs #2
ATCGTGAGTATGGGAC-1-PBS,Myel. prog. #1
ATCGTGATCATGAGAA-1-PBS,Myel. prog. #2
ATCGTGATCGATACGT-1-PBS,LMPPs #1
ATCTCTAAGTCGAGGT-1-PBS,Eosinophil prog.
ATCTCTACATAGGAGC-1-PBS,Ery. prog. #2
ATCTCTATCCTGATAG-1-PBS,MK prog.
ATCTTCAAGAGGGTGG-1-PBS,MK prog.
ATCTTCACAATAACCC-1-PBS,HSCs #1.
ATCTTCAGTCAGTTTG-1-PBS,MK prog.
ATCTTCAGTGAGGATC-1-PBS,Myel. prog. #3
ATCTTCATCATCTGTT-1-PBS,HSCs #2
ATCTTCATCTTCTAAC-1-PBS,HSCs #2
ATGAAAGAGGCCACCT-1-PBS,LMPPs #2
ATGAAAGTCCCAGGAC-1-PBS,HSCs/Ery. prog.
ATGACCAAGATCGCCC-1-PBS,Myel. prog. #3
ATGACCACATATTCGG-1-PBS,LMPPs #2
ATGACCAGTACCGTGC-1-PBS,HSCs #2
ATGACCAGTCATGACT-1-PBS,HSCs #2
ATGACCATCACTTCTA-1-PBS,Ery. prog. #1
ATGAGTCCAAGATGTA-1-PBS,Ery. prog. #1
ATGAGTCCAGGCCCTA-1-PBS,LMPPs #1
ATGATCGGTACCATAC-1-PBS,HSCs #2
ATGATCGGTTCCGCGA-1-PBS,Myel. prog. #3
ATGCATGAGCGATTCT-1-PBS,LMPPs #1
ATGCATGAGGATCACG-1-PBS,Myel. prog. #2
ATGCCTCCAGAAGCTG-1-PBS,Myel. prog. #1
ATGCCTCCATAGCTGT-1-PBS,MK prog.
ATGCCTCTCGAGAAGC-1-PBS,MK prog.
ATGCCTCTCGTGGGTC-1-PBS,HSCs/Ery. prog.
ATGCCTCTCTCGCTCA-1-PBS,Myel. prog. #3
ATGCGATAGTGGTTGG-1-PBS,Myel. prog. #2
ATGCGATCACCATATG-1-PBS,LMPPs #1
ATGCGATCATACCGTA-1-PBS,Ery. prog. #1
ATGCGATTCTTGGCTC-1-PBS,HSCs #1.
ATGGAGGAGGGAGATA-1-PBS,LMPPs #2
ATGGAGGAGTGATAGT-1-PBS,MK prog.
ATGGAGGGTGTTCCAA-1-PBS,MK prog.
ATGGAGGTCGCTGTCT-1-PBS,Ery. prog. #2
ATGGATCAGAGCTGAC-1-PBS,LMPPs #2
ATGGATCAGTCATCGT-1-PBS,MK prog.
ATGGATCAGTCCGCGT-1-PBS,HSCs/Ery. prog.
ATGGATCCAGTAGTGG-1-PBS,LMPPs #2
ATGGATCTCACCGCTT-1-PBS,Myel. prog. #3
ATGGGAGCACAGTGAG-1-PBS,LMPPs #2
ATGGGAGCATTCATCT-1-PBS,MK prog.
ATGGGAGTCGCATTGA-1-PBS,Myel. prog. #3
ATGGGTTAGTGGCCTC-1-PBS,MK prog.
ATGGGTTCAAGCTCTA-1-PBS,Ery. prog. #2
ATGGTTGAGCTCAGAG-1-PBS,MK prog.
ATGGTTGGTAGTCTTG-1-PBS,Ery. prog. #1
ATGTCCCAGGGAGGTG-1-PBS,Myel. prog. #1
ATGTCTTGTGGATACG-1-PBS,MK prog.
ATTACTCAGTACAGCG-1-PBS,Myel. prog. #3
ATTACTCGTTCCATTT-1-PBS,Myel. prog. #3
ATTACTCTCTTACTGT-1-PBS,HSCs #2
ATTATCCGTCCCGTGA-1-PBS,HSCs #2
ATTCACTAGTCTGGTT-1-PBS,Myel. prog. #2
ATTCACTGTTTACACG-1-PBS,Myel. prog. #1
ATTCACTTCAAGCGTT-1-PBS,Myel. prog. #1
ATTCACTTCAATCTCT-1-PBS,Myel. prog. #1
ATTCACTTCGAGAGCA-1-PBS,Myel. prog. #3
ATTCACTTCTACAGGT-1-PBS,Myel. prog. #2
ATTCAGGAGGACTGGT-1-PBS,LMPPs #1
ATTCAGGGTAATCAAG-1-PBS,Myel. prog. #2
ATTCAGGTCGTAGTCA-1-PBS,Ery. prog. #2
ATTCATCCAATACCCA-1-PBS,Myel. prog. #2
ATTCATCTCGGTAGGA-1-PBS,Ery. prog. #1
ATTCCATAGAGGCTGT-1-PBS,LMPPs #1
ATTCCATAGATGAATC-1-PBS,HSCs #2
ATTCCATAGGGCGAAG-1-PBS,MK prog.
ATTCCCGCAAGTTCCA-1-PBS,Ery. prog. #1
ATTCCCGCAGAGATGC-1-PBS,Myel. prog. #1
ATTCCCGGTCTACAAC-1-PBS,Eosinophil prog.
ATTCCCGTCCTTATGT-1-PBS,HSCs/Ery. prog.
ATTCCCGTCGTTATCT-1-PBS,MK prog.
ATTCCTAAGAATAACC-1-PBS,LMPPs #1
ATTCCTACACTTCAGA-1-PBS,Myel. prog. #1
ATTCTACCAGGGAGAG-1-PBS,Myel. prog. #2
ATTCTACCATGTCTAG-1-PBS,Myel. prog. #2
ATTCTTGAGAAACTGT-1-PBS,Ery. prog. #1
ATTCTTGGTTTGATCG-1-PBS,MK prog.
ATTCTTGTCAAGTGGG-1-PBS,MK prog.
ATTGGGTAGTGCGTCC-1-PBS,MK prog.
ATTGGGTGTAGATGTA-1-PBS,HSCs/Ery. prog.
ATTGGGTGTATCGATC-1-PBS,Myel. prog. #1
ATTGGGTGTCTCGACG-1-PBS,Myel. prog. #2
ATTGGGTTCACTGTCC-1-PBS,Myel. prog. #1
ATTGGGTTCTGGTGCG-1-PBS,LMPPs #2
ATTGTTCAGTAGGATT-1-PBS,Ery. prog. #2
ATTGTTCGTGCTCGTG-1-PBS,Myel. prog. #1
ATTTACCCAAACGTGG-1-PBS,Myel. prog. #2
ATTTACCTCCAACTAG-1-PBS,Myel. prog. #3
ATTTCACAGCATCTTG-1-PBS,Myel. prog. #1
ATTTCACAGGGTCAAC-1-PBS,HSCs #2
ATTTCACCATCCGGCA-1-PBS,Ery. prog. #2
ATTTCACGTCCCGGTA-1-PBS,Myel. prog. #2
ATTTCACTCAATCTTC-1-PBS,HSCs #1.
ATTTCTGCATAACGGG-1-PBS,MK prog.
ATTTCTGGTATTTCGG-1-PBS,Myel. prog. #2
ATTTCTGTCACATTGG-1-PBS,Ery. prog. #1
ATTTCTGTCTGACGCG-1-PBS,HSCs #1.
CAAAGAACAAATTGGA-1-PBS,LMPPs #2
CAAAGAACATTGAAAG-1-PBS,Myel. prog. #2
CAAAGAAGTACCGCGT-1-PBS,Myel. prog. #1
CAAAGAAGTAGACGTG-1-PBS,MK prog.
CAAAGAAGTTTCACTT-1-PBS,HSCs/Ery. prog.
CAACAACAGGGTTAGC-1-PBS,Myel. prog. #1
CAACAGTAGAATAGTC-1-PBS,Ery. prog. #2
CAACAGTAGCTTAGTC-1-PBS,Ery. prog. #2
CAACCAAAGAGTGTGC-1-PBS,Myel. prog. #3
CAACCAAAGCCTGAGA-1-PBS,Myel. prog. #1
CAACCAACAAAGAACT-1-PBS,Myel. prog. #1
CAACCAACAGTCGCAC-1-PBS,Myel. prog. #1
CAACCTCCATCCGTTC-1-PBS,MK prog.
CAACCTCGTACCGGCT-1-PBS,HSCs #2
CAACGATAGCTTACGT-1-PBS,Myel. prog. #1
CAACGATGTGGAACAC-1-PBS,Myel. prog. #3
CAACGATGTTACACAC-1-PBS,HSCs #2
CAACGATTCGCCTCTA-1-PBS,Myel. prog. #3
CAACGGCCACAAGTGG-1-PBS,Myel. prog. #3
CAACGGCGTCGCCACA-1-PBS,LMPPs #2
CAAGACTAGGTATCTC-1-PBS,LMPPs #2
CAAGACTAGTGCTAGG-1-PBS,Myel. prog. #2
CAAGACTAGTTGCTGT-1-PBS,Myel. prog. #2
CAAGACTGTACGCTAT-1-PBS,MK prog.
CAAGCTAAGAAACTCA-1-PBS,Myel. prog. #1
CAAGCTAAGAGTACCG-1-PBS,HSCs #2
CAAGCTAAGGGCTGAT-1-PBS,MK prog.
CAAGCTACACAGGATG-1-PBS,HSCs #2
CAAGCTACAGATCCAT-1-PBS,Myel. prog. #2
CAAGCTATCACAAGAA-1-PBS,Myel. prog. #2
CAAGCTATCTCCCTAG-1-PBS,Ery. prog. #2
CAAGGGAGTTGGTGTT-1-PBS,LMPPs #2
CAAGGGATCATTTGCT-1-PBS,Myel. prog. #2
CAATACGAGGCCACTC-1-PBS,MK prog.
CAATACGTCGTTCTAT-1-PBS,LMPPs #1
CAATCGAAGTCGGCCT-1-PBS,Myel. prog. #2
CAATCGAGTGTCTTGA-1-PBS,MK prog.
CAATCGATCGAAGCCC-1-PBS,HSCs #2
CAATGACAGTTACTCG-1-PBS,Myel. prog. #2
CAATTTCAGAAATTGC-1-PBS,Myel. prog. #3
CAATTTCAGAAGCGCT-1-PBS,HSCs #2
CAATTTCAGTGACACG-1-PBS,Ery. prog. #1
CACAACAAGCCATTCA-1-PBS,HSCs #2
CACACAAAGCTGAAAT-1-PBS,Myel. prog. #2
CACACAAAGTAACAGT-1-PBS,Myel. prog. #1
CACACAAGTTGGCTAT-1-PBS,Ery. prog. #2
CACAGATAGTACGAGC-1-PBS,MK prog.
CACAGATAGTGATAGT-1-PBS,Eosinophil prog.
CACAGATCACGTGAGA-1-PBS,Myel. prog. #3
CACAGATGTGTACGCC-1-PBS,Ery. prog. #2
CACAGGCGTGTCCACG-1-PBS,Myel. prog. #2
CACATGACAGGTCCGT-1-PBS,Myel. prog. #2
CACATGATCCAACACA-1-PBS,Myel. prog. #1
CACATGATCGTGAGAG-1-PBS,LMPPs #2
CACCAAAAGTCACGAG-1-PBS,Ery. prog. #2
CACCAAAAGTGCGTCC-1-PBS,Myel. prog. #1
CACCGTTTCACCTCTG-1-PBS,Myel. prog. #3
CACCGTTTCTCTCTAA-1-PBS,Ery. prog. #1
CACGAATAGTCATGCT-1-PBS,HSCs #2
CACGAATCAAGTGTCT-1-PBS,Myel. prog. #3
CACGGGTCACCCGTAG-1-PBS,HSCs #2
CACGGGTCAGTTTCAG-1-PBS,Myel. prog. #1
CACGGGTGTGTCATTG-1-PBS,Myel. prog. #1
CACGGGTGTTACCTTT-1-PBS,LMPPs #2
CACGTGGGTAGGTACG-1-PBS,Myel. prog. #2
CACGTGGTCAGTCAGT-1-PBS,Ery. prog. #1
CACGTGGTCCACGTAA-1-PBS,Myel. prog. #2
CACGTTCGTTCTTAGG-1-PBS,Myel. prog. #1
CACGTTCTCCCGAGGT-1-PBS,Myel. prog. #3
CACTAAGCACATCCCT-1-PBS,Myel. prog. #3
CACTGAAAGTTGGAAT-1-PBS,Eosinophil prog.
CACTGAAGTACTGACT-1-PBS,HSCs #2
CACTGAAGTGCGTGCT-1-PBS,MK prog.
CACTGAAGTTATGACC-1-PBS,MK prog.
CACTGGGTCGAGATAA-1-PBS,Myel. prog. #2
CACTGTCAGCAAGTCG-1-PBS,Myel. prog. #1
CACTGTCCAAGTGACG-1-PBS,Myel. prog. #3
CACTTCGAGCCAGTAG-1-PBS,LMPPs #2
CACTTCGAGGACCCAA-1-PBS,Myel. prog. #2
CACTTCGAGTGGATTA-1-PBS,Myel. prog. #1
CACTTCGCACTGTGTA-1-PBS,Myel. prog. #3
CACTTCGGTCATGGCC-1-PBS,HSCs #2
CAGAGCCCACACGTGC-1-PBS,Myel. prog. #1
CAGAGCCCAGCACAGA-1-PBS,LMPPs #1
CAGAGCCTCGGAGATG-1-PBS,LMPPs #2
CAGAGCCTCTTCTAAC-1-PBS,Myel. prog. #3
CAGATACCACTTGAGT-1-PBS,Myel. prog. #2
CAGATCAGTATTTCTC-1-PBS,HSCs #2
CAGATCAGTCACTCTC-1-PBS,Myel. prog. #2
CAGATCAGTTCCATTT-1-PBS,HSCs #2
CAGATCATCACCGGGT-1-PBS,HSCs #2
CAGATTGTCAACGTGT-1-PBS,Myel. prog. #2
CAGATTGTCACTAGCA-1-PBS,Ery. prog. #1
CAGCAATAGTTTCTTC-1-PBS,HSCs #1.
CAGCAATCAACAGCCC-1-PBS,Myel. prog. #1
CAGCAATGTTGCATGT-1-PBS,MK prog.
CAGCACGCAACGGTAG-1-PBS,Myel. prog. #2
CAGCACGGTTCATCGA-1-PBS,HSCs/Ery. prog.
CAGCAGCGTGTGTTTG-1-PBS,LMPPs #2
CAGCCAGAGACCTCAT-1-PBS,Myel. prog. #3
CAGCCAGAGTTGCTCA-1-PBS,Myel. prog. #2
CAGCCAGGTAACTGCT-1-PBS,Myel. prog. #2
CAGCCAGTCATGAAAG-1-PBS,LMPPs #2
CAGCGTGAGGTACATA-1-PBS,LMPPs #1
CAGCGTGTCTGTGCAA-1-PBS,LMPPs #2
CAGGCCACAAGAGGTC-1-PBS,MK prog.
CAGGCCAGTTGGTGTT-1-PBS,Myel. prog. #2
CAGGTATCACGACCTG-1-PBS,Myel. prog. #3
CAGGTATTCGCCTTGT-1-PBS,Myel. prog. #2
CAGTTAGAGCGCTGCT-1-PBS,LMPPs #2
CAGTTAGGTAGGCAGT-1-PBS,MK prog.
CAGTTCCCATGAAGGC-1-PBS,Myel. prog. #2
CAGTTCCTCATGAGTC-1-PBS,Myel. prog. #1
CATAAGCTCAACCTCC-1-PBS,Myel. prog. #1
CATAAGCTCGGCTATA-1-PBS,Ery. prog. #2
CATAAGCTCTAGATCG-1-PBS,HSCs #1.
CATACAGGTCCTCAGG-1-PBS,LMPPs #1
CATACAGTCTCGTCGT-1-PBS,Myel. prog. #2
CATACCCGTGCCTTCT-1-PBS,Myel. prog. #2
CATACCCTCACATTGG-1-PBS,HSCs #2
CATACTTCAAGTATAG-1-PBS,Myel. prog. #1
CATACTTCAGGACTTT-1-PBS,Ery. prog. #1
CATAGACAGCGACATG-1-PBS,LMPPs #2
CATAGACAGTAACAGT-1-PBS,HSCs #2
CATAGACAGTTTCAGC-1-PBS,HSCs/Ery. prog.
CATAGACGTTCGTGCG-1-PBS,MK prog.
CATCAAGAGAGAGCCT-1-PBS,Myel. prog. #2
CATCAAGAGGTATCTC-1-PBS,HSCs #2
CATCAAGCAGCTACAT-1-PBS,HSCs #2
CATCAAGTCCGTGGGT-1-PBS,MK prog.
CATCAAGTCTAGGAAA-1-PBS,MK prog.
CATCCACAGATAGGGA-1-PBS,Myel. prog. #1
CATCCACGTCTTGAAC-1-PBS,MK prog.
CATCCACTCAGTGGGA-1-PBS,Ery. prog. #1
CATCCCAAGCGCACAA-1-PBS,HSCs #2
CATCCCAAGCTATCCA-1-PBS,Eosinophil prog.
CATCCCAAGGCATGCA-1-PBS,Ery. prog. #2
CATCCCAGTGCCGGTT-1-PBS,Myel. prog. #3
CATCCGTGTGTAAACA-1-PBS,Ery. prog. #2
CATCCGTTCGACCAAT-1-PBS,Ery. prog. #2
CATCCGTTCGAGATAA-1-PBS,Myel. prog. #1
CATCCGTTCTAGAACC-1-PBS,Myel. prog. #2
CATCGCTAGCGTGTTT-1-PBS,Ery. prog. #2
CATCGCTAGGGTACAC-1-PBS,Ery. prog. #2
CATCGGGAGCCAAGGT-1-PBS,Eosinophil prog.
CATCGGGAGCCTGACC-1-PBS,Myel. prog. #3
CATCGTCGTCCACATA-1-PBS,HSCs/Ery. prog.
CATCGTCGTTAAGAAC-1-PBS,Myel. prog. #1
CATCGTCGTTGTAGCT-1-PBS,Myel. prog. #2
CATCGTCTCCCTAGGG-1-PBS,MK prog.
CATCGTCTCGACGATT-1-PBS,Myel. prog. #1
CATGAGTAGATGTTCC-1-PBS,Eosinophil prog.
CATGAGTGTGTTAAAG-1-PBS,MK prog.
CATGAGTGTTCAACGT-1-PBS,Myel. prog. #1
CATGAGTTCAAAGACA-1-PBS,Myel. prog. #3
CATGAGTTCATGCCAA-1-PBS,Myel. prog. #1
CATGCAAGTACTCCGG-1-PBS,Myel. prog. #2
CATGCAATCCATCAGA-1-PBS,Ery. prog. #1
CATGCAATCTACCTTA-1-PBS,LMPPs #2
CATGCCTAGTATAGAC-1-PBS,Myel. prog. #1
CATGCCTCATCTAGAC-1-PBS,Myel. prog. #3
CATGCCTGTAGACAGC-1-PBS,Myel. prog. #2
CATGCCTGTCGCGGTT-1-PBS,HSCs #2
CATGCCTTCTAAGCGT-1-PBS,LMPPs #1
CATGCGGGTCAGGCAA-1-PBS,MK prog.
CATGCTCAGCTCGACC-1-PBS,LMPPs #1
CATGCTCCAGACCATT-1-PBS,Ery. prog. #1
CATGCTCGTAGGAAAG-1-PBS,Myel. prog. #1
CATGGATAGCAACCAG-1-PBS,Ery. prog. #2
CATGGATGTGATTCAC-1-PBS,MK prog.
CATGGATTCCTTCTAA-1-PBS,HSCs/Ery. prog.
CATGGATTCTACCACC-1-PBS,Ery. prog. #1
CATGGATTCTCCCATG-1-PBS,Myel. prog. #3
CATGGTACACTCATAG-1-PBS,LMPPs #1
CATGGTATCTCTTGCG-1-PBS,Myel. prog. #2
CATTCATAGAGTACCG-1-PBS,Myel. prog. #1
CATTCCGAGCCTCTGG-1-PBS,Ery. prog. #2
CATTCCGAGCGACATG-1-PBS,Myel. prog. #2
CATTCCGAGGCATCAG-1-PBS,Myel. prog. #3
CATTCCGCATGTTACG-1-PBS,Myel. prog. #2
CATTCCGGTCGGTGAA-1-PBS,Myel. prog. #1
CATTCCGGTTTCAGAC-1-PBS,LMPPs #1
CATTCTAAGCGGTAGT-1-PBS,Ery. prog. #1
CATTCTATCATTCACT-1-PBS,HSCs #1.
CATTGAGAGAGGCGTT-1-PBS,Myel. prog. #1
CATTGAGAGATGAAGG-1-PBS,MK prog.
CATTGAGGTCGAACGA-1-PBS,Myel. prog. #3
CATTGAGGTCTAACTG-1-PBS,Myel. prog. #1
CATTGAGGTGTTCCAA-1-PBS,HSCs #2
CATTGAGTCATCACAG-1-PBS,HSCs #2
CATTGAGTCTTCACGC-1-PBS,LMPPs #1
CATTGCCGTCTCAGAT-1-PBS,Myel. prog. #1
CATTGTTAGTTGGACG-1-PBS,HSCs/Ery. prog.
CATTGTTCATCGCTCT-1-PBS,Myel. prog. #2
CATTGTTGTGAGTGAC-1-PBS,MK prog.
CATTTCACACCGTGCA-1-PBS,Myel. prog. #2
CATTTCAGTCTTTCTA-1-PBS,Myel. prog. #3
CATTTCATCAGTCAGT-1-PBS,Myel. prog. #2
CATTTCATCATTGGTG-1-PBS,LMPPs #2
CATTTCATCCCATTTA-1-PBS,Ery. prog. #1
CATTTCATCTCGTCGT-1-PBS,LMPPs #2
CCAAGCGCAGCGTGAA-1-PBS,Myel. prog. #3
CCAATGAAGGGAGGAC-1-PBS,Myel. prog. #3
CCAATGACAAAGACTA-1-PBS,MK prog.
CCAATGATCCCTCGAT-1-PBS,HSCs #2
CCAATTTGTTGTCCCT-1-PBS,Myel. prog. #2
CCAATTTTCCCTTCCC-1-PBS,HSCs #2
CCAATTTTCTATTCGT-1-PBS,HSCs #2
CCACAAAAGTCTGGAG-1-PBS,MK prog.
CCACAAACAAGTGGCA-1-PBS,Ery. prog. #1
CCACAAATCTGGTGCG-1-PBS,Ery. prog. #2
CCACACTGTCTTGTCC-1-PBS,LMPPs #1
CCACCATGTTTGGAGG-1-PBS,Ery. prog. #2
CCACGAGAGCTGAGTG-1-PBS,Myel. prog. #1
CCACGAGAGTGTTGAA-1-PBS,Myel. prog. #1
CCACGAGGTCCAGAAG-1-PBS,LMPPs #2
CCACGTTCACACCTGG-1-PBS,HSCs #2
CCACGTTCATGACGGA-1-PBS,HSCs/Ery. prog.
CCACGTTGTGACACGA-1-PBS,Myel. prog. #1
CCACGTTTCCCGATCT-1-PBS,Myel. prog. #2
CCACTTGCACGGTCTG-1-PBS,LMPPs #1
CCACTTGCAGGATTCT-1-PBS,HSCs #1.
CCACTTGGTCGCAACC-1-PBS,Myel. prog. #1
CCATAAGGTCCACGCA-1-PBS,Myel. prog. #2
CCATAAGGTGATACAA-1-PBS,Myel. prog. #2
CCATCACTCCGTGGTG-1-PBS,Myel. prog. #3
CCATCACTCGCTAGCG-1-PBS,LMPPs #1
CCCAACTCACAACGTT-1-PBS,HSCs #2
CCCATTGAGATCCGAG-1-PBS,Myel. prog. #3
CCCATTGAGCAGATAT-1-PBS,Myel. prog. #3
CCCGAAGAGTCAAGCG-1-PBS,MK prog.
CCCGAAGGTAAGTTGA-1-PBS,Myel. prog. #1
CCCGGAAAGAATGTTG-1-PBS,Ery. prog. #2
CCCGGAACATCGATGT-1-PBS,HSCs #2
CCCGGAAGTCAGACGA-1-PBS,LMPPs #2
CCCGGAATCGCTAAAC-1-PBS,HSCs #2
CCCTAACAGTTTGGCT-1-PBS,Myel. prog. #3
CCCTAACTCCCTTTGG-1-PBS,LMPPs #2
CCCTAACTCGCATTGA-1-PBS,Myel. prog. #2
CCCTAACTCGCCTTGT-1-PBS,Ery. prog. #2
CCCTCAACACCTGCTT-1-PBS,Myel. prog. #1
CCCTCAACATAACGGG-1-PBS,Ery. prog. #1
CCCTCAATCTTGCAGA-1-PBS,HSCs/Ery. prog.
CCCTCTCAGGATAATC-1-PBS,Myel. prog. #2
CCCTCTCGTACTCCCT-1-PBS,HSCs #1.
CCCTCTCGTATCAGCT-1-PBS,Myel. prog. #1
CCCTCTCGTTGGAGAC-1-PBS,LMPPs #1
CCCTGATCAACGGCCT-1-PBS,Myel. prog. #3
CCCTGATCATCCTTGC-1-PBS,HSCs #2
CCCTTAGAGCAATTAG-1-PBS,Ery. prog. #2
CCCTTAGAGGCTCTCG-1-PBS,Myel. prog. #3
CCGAACGCAGTCTTCC-1-PBS,LMPPs #2
CCGAACGGTCGCACAC-1-PBS,Myel. prog. #2
CCGATCTAGAATGTTG-1-PBS,MK prog.
CCGATCTCATCCTAAG-1-PBS,HSCs #2
CCGATGGAGCGCCTCA-1-PBS,HSCs/Ery. prog.
CCGATGGGTTTACCAG-1-PBS,MK prog.
CCGCAAGAGTAGCAAT-1-PBS,LMPPs #2
CCGCAAGCAATTGCCA-1-PBS,HSCs #2
CCGGACAAGCATGAAT-1-PBS,MK prog.
CCGGACAAGGATATAC-1-PBS,Myel. prog. #2
CCGGACACACACCAGC-1-PBS,HSCs #2
CCGGGTAAGGTTACAA-1-PBS,Myel. prog. #1
CCGGTAGAGAGAGCCT-1-PBS,Ery. prog. #1
CCGGTAGAGTTGTAGA-1-PBS,HSCs #2
CCGGTAGCAATAGTGA-1-PBS,Ery. prog. #1
CCGGTAGGTCTATGAC-1-PBS,Ery. prog. #2
CCGGTAGTCTCTCTAA-1-PBS,Myel. prog. #2
CCGGTGACAATCACGT-1-PBS,Ery. prog. #1
CCGTAGGAGGGCAACT-1-PBS,Ery. prog. #1
CCGTAGGAGTCTGCAT-1-PBS,Myel. prog. #1
CCGTAGGGTTTGTTGG-1-PBS,MK prog.
CCGTGAGAGAGCTGCA-1-PBS,LMPPs #2
CCGTGAGAGTGTTCAC-1-PBS,MK prog.
CCGTGAGTCCTTCTGG-1-PBS,MK prog.
CCGTTCAGTCGGTGTC-1-PBS,MK prog.
CCGTTCAGTGTCTTGA-1-PBS,HSCs #2
CCGTTCAGTTGTGCCG-1-PBS,LMPPs #2
CCTAACCAGCATCTTG-1-PBS,LMPPs #1
CCTAACCCAGGGAATC-1-PBS,HSCs/Ery. prog.
CCTAACCGTGATACCT-1-PBS,Myel. prog. #1
CCTAACCTCCCATACC-1-PBS,Myel. prog. #1
CCTATCGTCCTCTAAT-1-PBS,Ery. prog. #2
CCTCAACGTGAGTGAC-1-PBS,HSCs #2
CCTCAACTCCATATGG-1-PBS,Myel. prog. #1
CCTCAACTCCCGTGTT-1-PBS,HSCs/Ery. prog.
CCTCAACTCGTAGTGT-1-PBS,Myel. prog. #3
CCTCACAAGACATACA-1-PBS,HSCs #2
CCTCACACACGTACTA-1-PBS,HSCs/Ery. prog.
CCTCACAGTCCACATA-1-PBS,MK prog.
CCTCACATCGGCATCG-1-PBS,LMPPs #2
CCTCACATCTCCGCAT-1-PBS,LMPPs #1
CCTCAGTAGGCCCGTT-1-PBS,Myel. prog. #1
CCTCAGTCACTGGATT-1-PBS,LMPPs #2
CCTCAGTTCCAATCTT-1-PBS,Myel. prog. #2
CCTCATGAGTGTTGTC-1-PBS,LMPPs #2
CCTCATGTCCTCTGCA-1-PBS,Myel. prog. #2
CCTCATGTCGTGCAGC-1-PBS,Ery. prog. #2
CCTCCAAGTCTGTGCG-1-PBS,Myel. prog. #1
CCTCCAAGTGGCTGCT-1-PBS,Myel. prog. #2
CCTCCAATCAGTCACA-1-PBS,Myel. prog. #2
CCTCCTCCAACCGTAT-1-PBS,Ery. prog. #2
CCTCCTCCATTGTAGC-1-PBS,HSCs/Ery. prog.
CCTCTAGCACAATCTG-1-PBS,LMPPs #1
CCTCTAGTCGGCACTG-1-PBS,HSCs #2
CCTCTCCAGACTCCGC-1-PBS,Myel. prog. #1
CCTCTCCCAACCGCTG-1-PBS,Myel. prog. #2
CCTCTCCGTAACATCC-1-PBS,LMPPs #1
CCTGTTGAGCACCGTC-1-PBS,LMPPs #1
CCTGTTGCACTGCGTG-1-PBS,LMPPs #2
CCTGTTGCAGCTGTAT-1-PBS,HSCs #1.
CCTGTTGGTCCTTTGC-1-PBS,Myel. prog. #1
CCTGTTGGTCTTGTCC-1-PBS,Myel. prog. #1
CCTGTTGTCGTAGCCG-1-PBS,Ery. prog. #1
CCTTCAGAGACTGTTC-1-PBS,HSCs/Ery. prog.
CCTTCAGTCAAGTGGG-1-PBS,Ery. prog. #2
CCTTCAGTCCAGGACC-1-PBS,Myel. prog. #2
CCTTGTGAGCTGACTT-1-PBS,HSCs #1.
CCTTGTGCAGTAGTGG-1-PBS,Myel. prog. #3
CCTTGTGCAGTCGGAA-1-PBS,Ery. prog. #2
CCTTTGGAGCCGTAAG-1-PBS,LMPPs #2
CCTTTGGAGGGATCTG-1-PBS,MK prog.
CCTTTGGCAGCTCGGT-1-PBS,LMPPs #2
CCTTTGGGTTAAGCAA-1-PBS,HSCs #2
CGAAGGACAGTTGTCA-1-PBS,LMPPs #2
CGAAGGATCATCGTAG-1-PBS,LMPPs #1
CGAAGTTTCGCCGAGT-1-PBS,LMPPs #2
CGAATTGAGTCCGCGT-1-PBS,MK prog.
CGACAGCAGGTCTACT-1-PBS,LMPPs #1
CGACAGCCAAGTATAG-1-PBS,Myel. prog. #2
CGACAGCGTCTGTGTA-1-PBS,Ery. prog. #2
CGAGAAGCAAACACCT-1-PBS,LMPPs #2
CGAGAAGGTATGAAAC-1-PBS,Myel. prog. #3
CGAGAAGGTTTCGCTC-1-PBS,MK prog.
CGAGAAGTCGCCGAGT-1-PBS,Ery. prog. #1
CGAGGAAAGTGATTCC-1-PBS,HSCs #2
CGAGGAAGTCTACAAC-1-PBS,MK prog.
CGAGTGCAGTACAGAT-1-PBS,Ery. prog. #2
CGATCGGAGCGCCTTG-1-PBS,Ery. prog. #2
CGATCGGAGGTGCCAA-1-PBS,LMPPs #2
CGATCGGCATCTTTCA-1-PBS,Myel. prog. #2
CGATCGGGTACTCCCT-1-PBS,Ery. prog. #1
CGATCGGTCAGTCACA-1-PBS,HSCs #2
CGATGCGGTCATGGCC-1-PBS,Myel. prog. #1
CGATGCGGTGAGTCAG-1-PBS,Myel. prog. #1
CGATGGCCACATTACG-1-PBS,HSCs #1.
CGATGGCCACTATGTG-1-PBS,Myel. prog. #2
CGATGGCGTACTGACT-1-PBS,LMPPs #2
CGATGGCGTCCGTACG-1-PBS,Ery. prog. #1
CGATGGCGTTAGCGGA-1-PBS,Eosinophil prog.
CGCAGGTAGGTTCAGG-1-PBS,Myel. prog. #2
CGCAGGTCACTTTATC-1-PBS,LMPPs #1
CGCAGGTGTGCGTCGT-1-PBS,LMPPs #1
CGCAGGTTCGGTAACT-1-PBS,Myel. prog. #2
CGCATAAAGAGATCGC-1-PBS,Ery. prog. #1
CGCATAAAGATGCCGA-1-PBS,Ery. prog. #1
CGCATAAAGTTACGGG-1-PBS,LMPPs #1
CGCATAAGTTGTAAAG-1-PBS,Myel. prog. #1
CGCATGGTCTAGACAC-1-PBS,Myel. prog. #3
CGCCAGAGTACCTATG-1-PBS,Myel. prog. #1
CGCCATTAGGAATGTT-1-PBS,Myel. prog. #2
CGCCATTAGGGAGTGG-1-PBS,Myel. prog. #2
CGCCATTAGTGTTCAC-1-PBS,Ery. prog. #2
CGCGTGATCGAGTTGT-1-PBS,MK prog.
CGGAACCAGGCACAAC-1-PBS,HSCs #2
CGGAACCGTACGTTCA-1-PBS,HSCs #2
CGGAATTAGTATGTAG-1-PBS,HSCs #2
CGGAATTCATCTGCGG-1-PBS,MK prog.
CGGACACCAAAGCAAT-1-PBS,HSCs #2
CGGACACGTAGGTCAG-1-PBS,Ery. prog. #1
CGGAGAAAGCGATGAC-1-PBS,Myel. prog. #2
CGGAGAAGTCTTCTAT-1-PBS,MK prog.
CGGAGAATCACACGAT-1-PBS,Myel. prog. #3
CGGCAGTCAAGCGAGT-1-PBS,LMPPs #2
CGGGACTCAAGAGCTG-1-PBS,MK prog.
CGGGACTGTCGTGGAA-1-PBS,LMPPs #2
CGGGACTGTCTGATCA-1-PBS,MK prog.
CGGGACTGTTTACCTT-1-PBS,Myel. prog. #2
CGGGTCACAGTCTACA-1-PBS,LMPPs #1
CGGGTCATCCCTTCCC-1-PBS,Ery. prog. #1
CGGGTGTCATGACTTG-1-PBS,Ery. prog. #2
CGGGTGTTCTACACAG-1-PBS,Myel. prog. #2
CGGGTGTTCTTCGATT-1-PBS,Myel. prog. #1
CGTAAGTTCTCTCCGA-1-PBS,Myel. prog. #1
CGTAGTACAACCACGC-1-PBS,Myel. prog. #1
CGTAGTACATGTGTCA-1-PBS,Myel. prog. #1
CGTCAAAAGTCAGCCC-1-PBS,HSCs #2
CGTCAAAGTTCCGCGA-1-PBS,Ery. prog. #2
CGTCCATAGGGCAGTT-1-PBS,Ery. prog. #1
CGTCCATGTGAGAGGG-1-PBS,Ery. prog. #1
CGTCCATGTTCAGCTA-1-PBS,Ery. prog. #1
CGTCCATTCAGGTAAA-1-PBS,Myel. prog. #1
CGTGAATTCAGGGTAG-1-PBS,Eosinophil prog.
CGTGATAAGCGATCGA-1-PBS,Myel. prog. #2
CGTGATAGTGGTACAG-1-PBS,Myel. prog. #1
CGTGTCTTCAACTGAC-1-PBS,MK prog.
CGTGTCTTCCCTCAAC-1-PBS,LMPPs #2
CGTTAGACACAATTCG-1-PBS,Myel. prog. #3
CGTTAGAGTTCTCACC-1-PBS,Ery. prog. #2
CGTTAGATCAGCGTCG-1-PBS,MK prog.
CGTTCTGAGAGCCCAA-1-PBS,Myel. prog. #3
CGTTCTGAGGCTGGAT-1-PBS,Eosinophil prog.
CGTTCTGCAGTAGAAT-1-PBS,Myel. prog. #3
CGTTCTGGTTGCCGAC-1-PBS,Ery. prog. #1
CGTTGGGCACAAATCC-1-PBS,LMPPs #2
CTAACCCAGCGTGTCC-1-PBS,HSCs #2
CTAACCCGTGGGTTGA-1-PBS,HSCs #2
CTAACCCTCTCAACCC-1-PBS,MK prog.
CTAACTTTCTCACGAA-1-PBS,HSCs #2
CTACAGAAGGAAAGTG-1-PBS,Ery. prog. #2
CTACATTCAAACTCGT-1-PBS,HSCs #2
CTACATTCAAGTATCC-1-PBS,HSCs/Ery. prog.
CTACATTCATTCGGGC-1-PBS,HSCs #2
CTACCTGAGTAGCATA-1-PBS,Ery. prog. #1
CTACCTGTCTGGGCAC-1-PBS,LMPPs #1
CTACGGGTCGATGCAT-1-PBS,MK prog.
CTACTATCAAAGGAGA-1-PBS,Myel. prog. #1
CTACTATGTACCAATC-1-PBS,Myel. prog. #1
CTAGACAAGAATCTAG-1-PBS,HSCs #2
CTAGACAAGCATGCGA-1-PBS,Myel. prog. #1
CTAGACATCCGGTTCT-1-PBS,HSCs #2
CTAGGTACACTCCACT-1-PBS,MK prog.
CTAGGTACAGGACAGT-1-PBS,LMPPs #1
CTAGGTAGTGCGACAA-1-PBS,MK prog.
CTAGGTAGTTGGATCT-1-PBS,Myel. prog. #1
CTAGGTATCACCATGA-1-PBS,LMPPs #1
CTATAGGAGGTAGGCT-1-PBS,Myel. prog. #2
CTATAGGTCGCTGTTC-1-PBS,Ery. prog. #1
CTATCCGCAAGCGGAT-1-PBS,LMPPs #1
CTATCTACACTAGAGG-1-PBS,HSCs #2
CTATCTAGTCCTCAGG-1-PBS,Ery. prog. #2
CTCAACCCACAAATGA-1-PBS,HSCs #2
CTCAACCCACTGTTCC-1-PBS,HSCs #2
CTCAACCTCAACACCA-1-PBS,Myel. prog. #3
CTCAAGAGTACTGTTG-1-PBS,HSCs #2
CTCAATTAGATCCAAA-1-PBS,Ery. prog. #1
CTCAATTCAAATCGGG-1-PBS,Myel. prog. #3
CTCAATTCATTGCAAC-1-PBS,Myel. prog. #3
CTCAATTGTAGCGTAG-1-PBS,Myel. prog. #3
CTCAATTGTTTCGTGA-1-PBS,Myel. prog. #2
CTCACTGCAGCGAACA-1-PBS,Myel. prog. #2
CTCACTGTCCCGTGTT-1-PBS,Myel. prog. #1
CTCAGAAAGTGCAACG-1-PBS,LMPPs #1
CTCAGAAGTAGCTTAC-1-PBS,Ery. prog. #1
CTCAGAAGTGTTATCG-1-PBS,LMPPs #1
CTCAGGGAGCATGATA-1-PBS,Myel. prog. #3
CTCAGGGGTACCCGAC-1-PBS,HSCs/Ery. prog.
CTCAGGGTCGCAAGAG-1-PBS,Myel. prog. #1
CTCAGGGTCTAGCATG-1-PBS,HSCs #2
CTCAGTCAGACAGCGT-1-PBS,MK prog.
CTCAGTCAGGACAAGA-1-PBS,Ery. prog. #2
CTCAGTCAGTTCATCG-1-PBS,MK prog.
CTCAGTCCACCTGCTT-1-PBS,Myel. prog. #3
CTCAGTCGTGCCTTTC-1-PBS,Ery. prog. #1
CTCATCGAGAGCCTGA-1-PBS,Ery. prog. #2
CTCATTACAGCGAGTA-1-PBS,LMPPs #1
CTCATTACAGTCCCGA-1-PBS,Myel. prog. #3
CTCATTAGTTTCACAG-1-PBS,Myel. prog. #3
CTCCAACAGATTACCC-1-PBS,HSCs #2
CTCCAACTCTGGCCGA-1-PBS,Myel. prog. #3
CTCCACAAGAAGCCTG-1-PBS,LMPPs #1
CTCCACAAGACTAAGT-1-PBS,Myel. prog. #2
CTCCACAAGTACAGCG-1-PBS,Myel. prog. #2
CTCCACACAAACGGCA-1-PBS,HSCs #2
CTCCACACACCCTGTT-1-PBS,LMPPs #2
CTCCACACAGAGGCAT-1-PBS,MK prog.
CTCCACAGTGCCTAAT-1-PBS,HSCs #2
CTCCACATCGTAGGAG-1-PBS,Eosinophil prog.
CTCCATGCACGTCATA-1-PBS,MK prog.
CTCCATGTCACTGGTA-1-PBS,Ery. prog. #1
CTCCATGTCGTAATGC-1-PBS,Myel. prog. #3
CTCCGATCAGACCATT-1-PBS,Myel. prog. #1
CTCCTCCAGGCATTTC-1-PBS,Myel. prog. #3
CTCCTCCAGGGAGTGG-1-PBS,Myel. prog. #1
CTCCTTTAGGAGTATT-1-PBS,MK prog.
CTCCTTTAGGCTAGCA-1-PBS,Myel. prog. #2
CTCCTTTCAACGTTAC-1-PBS,HSCs/Ery. prog.
CTCGAGGTCTTTGCAT-1-PBS,Myel. prog. #2
CTCTCAGCACATCCCT-1-PBS,HSCs #1.
CTCTCAGGTTCTTAGG-1-PBS,Ery. prog. #1
CTCTCAGTCCCTCAAC-1-PBS,HSCs #2
CTCTCAGTCTGGCCAG-1-PBS,Myel. prog. #2
CTCTCGAAGGGATCGT-1-PBS,Myel. prog. #2
CTCTGGTGTGATGAAT-1-PBS,HSCs #1.
CTCTGGTTCGCTTGCT-1-PBS,Ery. prog. #2
CTGAATGCAAATTGCC-1-PBS,Myel. prog. #2
CTGAGCGGTCCAATCA-1-PBS,Myel. prog. #1
CTGAGCGGTTCCTAGA-1-PBS,Ery. prog. #1
CTGAGCGTCTGGCCGA-1-PBS,Ery. prog. #2
CTGAGGCCATGCAGGA-1-PBS,LMPPs #1
CTGAGGCTCATAGGCT-1-PBS,LMPPs #2
CTGAGGCTCATGGCCG-1-PBS,Myel. prog. #3
CTGAGGCTCCTATGGA-1-PBS,MK prog.
CTGAGGCTCTGTCCGT-1-PBS,Ery. prog. #1
CTGAGGCTCTTAATCC-1-PBS,Ery. prog. #1
CTGATCCAGAAACACT-1-PBS,Myel. prog. #2
CTGATCCGTAGCGTAG-1-PBS,MK prog.
CTGATCCGTTTCGACA-1-PBS,Myel. prog. #3
CTGCAGGCAAGTATAG-1-PBS,Myel. prog. #2
CTGCAGGCACGGTAGA-1-PBS,Myel. prog. #2
CTGCATCAGTGCTCAT-1-PBS,LMPPs #2
CTGCATCGTCAACACT-1-PBS,HSCs #2
CTGCCATAGTTGAATG-1-PBS,Ery. prog. #1
CTGCCATCAATTCACG-1-PBS,HSCs #1.
CTGCCATGTACCTATG-1-PBS,Myel. prog. #3
CTGCCATGTAGACAAT-1-PBS,MK prog.
CTGCCTACAAACTAAG-1-PBS,Myel. prog. #1
CTGCCTACAACCGGAA-1-PBS,Ery. prog. #1
CTGCCTACATTCGATG-1-PBS,Myel. prog. #2
CTGCCTAGTACCAATC-1-PBS,HSCs #1.
CTGCCTAGTTTCGTTT-1-PBS,Myel. prog. #3
CTGCCTATCCAATGCA-1-PBS,Ery. prog. #1
CTGCCTATCTAGCATG-1-PBS,HSCs/Ery. prog.
CTGCGAGAGAGTGGCT-1-PBS,Myel. prog. #1
CTGCGAGCAATCTGCA-1-PBS,LMPPs #1
CTGCGAGTCCACGTCT-1-PBS,LMPPs #2
CTGCTCAAGGCATGGT-1-PBS,LMPPs #2
CTGCTCAAGGTAGTCG-1-PBS,Myel. prog. #3
CTGGACGCATCATTTC-1-PBS,Ery. prog. #2
CTGGACGTCATGCAGT-1-PBS,Ery. prog. #1
CTGGACGTCCGGTTCT-1-PBS,Myel. prog. #1
CTGGCAGCATACAGGG-1-PBS,LMPPs #2
CTGGTCTAGAACTCCT-1-PBS,HSCs #2
CTGGTCTAGTTTCGGT-1-PBS,LMPPs #1
CTGGTCTCAAAGGTTA-1-PBS,LMPPs #1
CTGGTCTCAGAGTCAG-1-PBS,LMPPs #1
CTGGTCTCATCTAGAC-1-PBS,Ery. prog. #1
CTGGTCTGTGGCACTC-1-PBS,Ery. prog. #2
CTGTACCAGACATGCG-1-PBS,HSCs #2
CTGTACCGTCTTACTT-1-PBS,HSCs #1.
CTGTACCTCTCACTCG-1-PBS,HSCs/Ery. prog.
CTGTAGAAGAAGATCT-1-PBS,LMPPs #1
CTGTAGAAGAATTGTG-1-PBS,MK prog.
CTGTAGAAGGTCACAG-1-PBS,Myel. prog. #1
CTGTAGACAAAGGAGA-1-PBS,Myel. prog. #1
CTGTAGAGTTCATCTT-1-PBS,Myel. prog. #1
CTGTATTAGATTGTGA-1-PBS,Myel. prog. #2
CTGTATTGTAAGATAC-1-PBS,LMPPs #1
CTGTATTTCATACGGT-1-PBS,Myel. prog. #1
CTGTCGTAGCCGTAAG-1-PBS,Myel. prog. #1
CTGTCGTAGGCCTGAA-1-PBS,HSCs #2
CTGTCGTGTCATAACC-1-PBS,LMPPs #2
CTGTCGTTCATGTCAG-1-PBS,LMPPs #2
CTGTGAAAGTACAGCG-1-PBS,Myel. prog. #2
CTGTGAATCCTATTGT-1-PBS,MK prog.
CTTACCGAGTTCTCTT-1-PBS,Myel. prog. #3
CTTACCGCATTCGATG-1-PBS,MK prog.
CTTACCGGTCGACTGC-1-PBS,LMPPs #2
CTTAGGAAGTCGTCTA-1-PBS,Myel. prog. #1
CTTAGGAGTCATTCCC-1-PBS,LMPPs #2
CTTAGGAGTGAATTAG-1-PBS,Ery. prog. #1
CTTAGGATCGTCGACG-1-PBS,Myel. prog. #1
CTTCCGACATACACCA-1-PBS,Myel. prog. #1
CTTCCGATCTCTGCTG-1-PBS,HSCs #2
CTTCGGTAGCGTGAAC-1-PBS,Ery. prog. #2
CTTCGGTCAAGACGAC-1-PBS,MK prog.
CTTCGGTGTCCAGCGT-1-PBS,Myel. prog. #3
CTTCTAAAGAAGCCAC-1-PBS,MK prog.
CTTCTAAAGACTCCGC-1-PBS,Myel. prog. #3
CTTCTAAAGGCTCTAT-1-PBS,Myel. prog. #2
CTTCTAAGTTCTAACG-1-PBS,LMPPs #1
CTTCTAATCGCCAGTG-1-PBS,LMPPs #1
CTTGAGACAAGGACAC-1-PBS,Myel. prog. #3
CTTGAGACACAACCGC-1-PBS,Ery. prog. #1
CTTGAGACAGATCATC-1-PBS,HSCs #2
CTTGAGAGTTGCTGAT-1-PBS,HSCs #2
CTTGAGATCAGTAGGG-1-PBS,LMPPs #2
CTTGATTAGCCTCATA-1-PBS,Myel. prog. #2
CTTGATTCACAAATGA-1-PBS,HSCs/Ery. prog.
CTTGATTTCAAAGCCT-1-PBS,Myel. prog. #2
CTTGATTTCACAAGAA-1-PBS,HSCs/Ery. prog.
CTTTCAAAGTCTACCA-1-PBS,MK prog.
CTTTCAAGTAATCAGA-1-PBS,MK prog.
CTTTCGGAGTGTAGTA-1-PBS,Myel. prog. #2
CTTTCGGTCCACGTCT-1-PBS,HSCs #2
CTTTCGGTCCCGAACG-1-PBS,Myel. prog. #3
CTTTCGGTCGTCCTCA-1-PBS,HSCs #2
GAAACCTCATATCTGG-1-PBS,HSCs #2
GAAACCTCATCCGATA-1-PBS,Myel. prog. #1
GAAACCTTCGAACACT-1-PBS,HSCs #2
GAACACTCATGAAGGC-1-PBS,LMPPs #2
GAACACTGTATAGGGC-1-PBS,HSCs/Ery. prog.
GAACGTTGTGCCGTTG-1-PBS,MK prog.
GAACGTTTCACTTATC-1-PBS,LMPPs #1
GAACGTTTCCGTGACG-1-PBS,Eosinophil prog.
GAACTGTAGATACTGA-1-PBS,Ery. prog. #2
GAACTGTCAGGCTACC-1-PBS,Ery. prog. #2
GAACTGTGTAAGATAC-1-PBS,HSCs #2
GAACTGTGTATTCTCT-1-PBS,Myel. prog. #3
GAAGAATCACGCACCA-1-PBS,LMPPs #1
GAAGAATCAGGTCCCA-1-PBS,Myel. prog. #1
GAAGCCCCATGCACTA-1-PBS,MK prog.
GAAGCCCGTAGCTGCC-1-PBS,Myel. prog. #1
GAAGCCCGTCGCTGCA-1-PBS,Myel. prog. #1
GAAGGACAGATGCTAA-1-PBS,Myel. prog. #2
GAAGGACCACGTCGGT-1-PBS,Ery. prog. #1
GAAGGACGTTCGGTAT-1-PBS,LMPPs #2
GAAGGGTTCAGTGTTG-1-PBS,Eosinophil prog.
GAAGGGTTCGGTCTAA-1-PBS,Ery. prog. #2
GAAGTAAAGGACAGCT-1-PBS,HSCs #2
GAAGTAAGTTGTTGCA-1-PBS,Myel. prog. #3
GAATAGACAAACTAGA-1-PBS,HSCs #2
GAATAGACAAGACCTT-1-PBS,LMPPs #2
GAATAGAGTCGTCGGT-1-PBS,LMPPs #1
GAATAGAGTGTGTCCG-1-PBS,MK prog.
GAATAGATCACGGGAA-1-PBS,Ery. prog. #2
GAATAGATCCACGTGG-1-PBS,HSCs #2
GAATCACCAGCTCTGG-1-PBS,HSCs #2
GAATCACGTCCACACG-1-PBS,Myel. prog. #2
GAATCACGTTTCGTTT-1-PBS,Myel. prog. #1
GAATCACTCGATTCCC-1-PBS,Eosinophil prog.
GAATCGTAGGAAGTGA-1-PBS,Myel. prog. #1
GAATCGTCAGTCAGCC-1-PBS,Myel. prog. #3
GAATCGTTCGCGTGAC-1-PBS,Myel. prog. #3
GAATCGTTCTTAGTTC-1-PBS,HSCs #2
GACACGCAGACCATGG-1-PBS,HSCs/Ery. prog.
GACACGCCATGGAAGC-1-PBS,LMPPs #1
GACACGCGTTGTTTGG-1-PBS,Myel. prog. #1
GACCAATCAGAGACTG-1-PBS,LMPPs #2
GACCAATTCTTTCGAT-1-PBS,Myel. prog. #2
GACCCAGGTTACGCCG-1-PBS,Ery. prog. #2
GACCCAGTCAGTGGGA-1-PBS,Ery. prog. #1
GACCGTGAGGGACACT-1-PBS,HSCs #2
GACCGTGGTGTATTCG-1-PBS,Ery. prog. #2
GACCTTCGTCCCACGA-1-PBS,Myel. prog. #2
GACCTTCGTGTCCACG-1-PBS,HSCs #2
GACGTTAAGCAAATGT-1-PBS,MK prog.
GACGTTAAGGGATCAC-1-PBS,LMPPs #1
GACGTTAAGTGGTTCT-1-PBS,LMPPs #2
GACGTTATCTAGCATG-1-PBS,LMPPs #1
GACTATGCAGGCTATT-1-PBS,Eosinophil prog.
GACTATGGTTCTTAGG-1-PBS,HSCs #1.
GACTATGTCTGATGGT-1-PBS,Myel. prog. #2
GACTCAACAGTTGTCA-1-PBS,HSCs #2
GACTCAAGTAAGCAAT-1-PBS,HSCs #2
GACTCAAGTGGCGCTT-1-PBS,LMPPs #1
GACTCTCAGCACCAGA-1-PBS,Myel. prog. #1
GACTCTCCACCTCTAC-1-PBS,HSCs #1.
GACTCTCCATAGTCGT-1-PBS,MK prog.
GACTGATCATTCCTCG-1-PBS,Ery. prog. #1
GACTGATGTTCTATCT-1-PBS,Myel. prog. #3
GACTGATGTTTGAACC-1-PBS,MK prog.
GACTTCCAGCTTACGT-1-PBS,HSCs/Ery. prog.
GACTTCCCAAAGTATG-1-PBS,Myel. prog. #3
GACTTCCGTCGAATTC-1-PBS,MK prog.
GACTTCCGTGTTTGCA-1-PBS,Myel. prog. #1
GAGAAATAGGTTCCGC-1-PBS,Myel. prog. #2
GAGACCCCAGCCCACA-1-PBS,LMPPs #1
GAGAGGTTCCCGATCT-1-PBS,MK prog.
GAGATGGAGAGCAAGA-1-PBS,Myel. prog. #2
GAGATGGAGTTGCGCC-1-PBS,MK prog.
GAGCCTGAGGAATTAC-1-PBS,Ery. prog. #1
GAGCCTGAGTATAGAC-1-PBS,HSCs #2
GAGCCTGTCAAACCTG-1-PBS,Myel. prog. #3
GAGCCTGTCAGCGGAA-1-PBS,Myel. prog. #2
GAGCTGCCAGTACTAC-1-PBS,Myel. prog. #2
GAGCTGCTCAGCGTCG-1-PBS,MK prog.
GAGCTGCTCCCAGCGA-1-PBS,HSCs #2
GAGCTGCTCTGCACCT-1-PBS,HSCs #2
GAGGCAAAGGCGTTAG-1-PBS,Myel. prog. #2
GAGGCAAAGGTGAGCT-1-PBS,Ery. prog. #2
GAGGCAAAGTGGATTA-1-PBS,Myel. prog. #3
GAGGCAACACACGTGC-1-PBS,Myel. prog. #1
GAGGCAAGTGTAAACA-1-PBS,HSCs #2
GAGGCCTAGGGTAATT-1-PBS,MK prog.
GAGGCCTTCGATACTG-1-PBS,Myel. prog. #2
GAGGGATTCATACGGT-1-PBS,HSCs #2
GAGGGTAAGAGCAGAA-1-PBS,Myel. prog. #2
GAGGGTACAGTGGGTA-1-PBS,MK prog.
GAGGGTAGTTCGTAAC-1-PBS,Myel. prog. #2
GAGTCATAGCGTTCAT-1-PBS,Eosinophil prog.
GAGTCATCATGTGCTA-1-PBS,Myel. prog. #2
GAGTCATGTAGACGGT-1-PBS,Myel. prog. #2
GAGTCATTCAGAGTTC-1-PBS,Ery. prog. #2
GAGTCTAAGCACCCAC-1-PBS,Myel. prog. #1
GAGTCTAAGCCACCGT-1-PBS,HSCs #2
GAGTCTACAAGAGGCT-1-PBS,Myel. prog. #1
GAGTCTACAGTAGAGC-1-PBS,LMPPs #2
GAGTCTAGTACGGATG-1-PBS,MK prog.
GAGTCTATCCTATTTG-1-PBS,LMPPs #2
GAGTGAGAGTTGTCAC-1-PBS,Ery. prog. #2
GAGTGAGTCTAGTCAG-1-PBS,Ery. prog. #2
GAGTTACAGATTGTGA-1-PBS,LMPPs #2
GAGTTACAGTAGGCCA-1-PBS,MK prog.
GAGTTACCATGTCGTA-1-PBS,LMPPs #1
GAGTTGTTCAATCAGC-1-PBS,MK prog.
GAGTTGTTCGACGAGA-1-PBS,MK prog.
GAGTTTGCAGTTTGGT-1-PBS,MK prog.
GAGTTTGCATTGACAC-1-PBS,HSCs/Ery. prog.
GATAGAAGTGGTACAG-1-PBS,Ery. prog. #2
GATAGCTAGCGAGGAG-1-PBS,LMPPs #2
GATAGCTCAGCGACAA-1-PBS,LMPPs #2
GATCACAAGTGCCCGT-1-PBS,Myel. prog. #2
GATCACACAATTAGGA-1-PBS,HSCs/Ery. prog.
GATCACACATCACCAA-1-PBS,Ery. prog. #2
GATCACAGTACATTGC-1-PBS,Myel. prog. #3
GATCACATCCAATGCA-1-PBS,Eosinophil prog.
GATCACATCGTCTACC-1-PBS,Ery. prog. #2
GATCAGTCACTACGGC-1-PBS,Ery. prog. #2
GATCAGTCAGACGATG-1-PBS,Myel. prog. #3
GATCAGTGTTGGCCGT-1-PBS,Myel. prog. #2
GATCATGAGCGAGGAG-1-PBS,Myel. prog. #2
GATCATGCAACACAGG-1-PBS,LMPPs #1
GATCATGCAAGTCATC-1-PBS,Myel. prog. #3
GATCATGTCGCCGATG-1-PBS,HSCs #1.
GATCCCTAGGTCATTC-1-PBS,MK prog.
GATCCCTCAGTATGAA-1-PBS,Myel. prog. #2
GATCCCTTCTTAATCC-1-PBS,Myel. prog. #2
GATCGTAAGACCACGA-1-PBS,MK prog.
GATGAGGAGCAATAGT-1-PBS,Ery. prog. #1
GATGAGGGTGCGGATA-1-PBS,Myel. prog. #1
GATGAGGTCCGGACTG-1-PBS,Ery. prog. #1
GATGATCGTAGCTGTT-1-PBS,Ery. prog. #1
GATGATCTCAGGACGA-1-PBS,Myel. prog. #2
GATGCTAAGAGCCGAT-1-PBS,LMPPs #1
GATGCTAAGCGACTAG-1-PBS,HSCs/Ery. prog.
GATGCTACATAAGATG-1-PBS,MK prog.
GATGCTAGTTAAGCAA-1-PBS,Myel. prog. #1
GATGGAGAGCCAACCC-1-PBS,LMPPs #2
GATGGAGTCAAAGGAT-1-PBS,MK prog.
GATGTTGGTCCTCCAT-1-PBS,MK prog.
GATTCTTAGGAACATT-1-PBS,Myel. prog. #1
GATTCTTGTACCGGCT-1-PBS,HSCs #2
GATTGGTGTAATACCC-1-PBS,Myel. prog. #3
GATTTCTCAGAAATCA-1-PBS,MK prog.
GATTTCTGTAACCCTA-1-PBS,Myel. prog. #2
GATTTCTGTTTCGACA-1-PBS,HSCs #2
GATTTCTGTTTCGTGA-1-PBS,MK prog.
GCAACATGTACAGTAA-1-PBS,Ery. prog. #2
GCAACATTCAAAGAAC-1-PBS,HSCs #2
GCAACCGCAAGCGGAT-1-PBS,LMPPs #2
GCAACCGCACATGAAA-1-PBS,Myel. prog. #2
GCAACCGGTTTACACG-1-PBS,Myel. prog. #2
GCACATAAGGATTTCC-1-PBS,Ery. prog. #1
GCACATATCTATCGTT-1-PBS,Ery. prog. #2
GCACGGTGTGTGAATA-1-PBS,Ery. prog. #2
GCACGTGGTTCGGTAT-1-PBS,Myel. prog. #3
GCACGTGTCAGTAGGG-1-PBS,Ery. prog. #2
GCACGTGTCATGCAGT-1-PBS,Myel. prog. #2
GCAGCCAGTATCAGCT-1-PBS,Myel. prog. #1
GCAGCCATCAGTCTTT-1-PBS,HSCs #2
GCAGCCATCGAGAACG-1-PBS,LMPPs #1
GCAGCCATCGTGGACC-1-PBS,Myel. prog. #3
GCAGCTGTCTACCCAC-1-PBS,Ery. prog. #2
GCAGGCTCAATCTGCA-1-PBS,LMPPs #2
GCAGGCTGTGCAACGA-1-PBS,LMPPs #1
GCAGGCTTCACGTCCT-1-PBS,HSCs #2
GCAGGCTTCATGGGAG-1-PBS,Ery. prog. #1
GCAGTTACACAAAGCG-1-PBS,MK prog.
GCAGTTATCATTCCTA-1-PBS,Myel. prog. #2
GCATCGGGTCCTGTCT-1-PBS,LMPPs #2
GCATCTCGTACCACGC-1-PBS,Myel. prog. #2
GCATCTCGTATGTCTG-1-PBS,LMPPs #1
GCATCTCGTTGGATCT-1-PBS,MK prog.
GCATCTCTCGTACCTC-1-PBS,Myel. prog. #3
GCATGATAGCGTTCCG-1-PBS,Myel. prog. #2
GCATGATCACTTGAAC-1-PBS,Ery. prog. #2
GCATGATTCTGTAACG-1-PBS,Eosinophil prog.
GCATTAGCATTATGCG-1-PBS,MK prog.
GCATTAGTCGCTCTCA-1-PBS,HSCs/Ery. prog.
GCCAGCACACCACATA-1-PBS,Eosinophil prog.
GCCAGCATCTACGCGG-1-PBS,HSCs #2
GCCAGGTAGGCTCAAG-1-PBS,Myel. prog. #1
GCCAGGTAGGCTTCCG-1-PBS,MK prog.
GCCAGTGCATCCGTTC-1-PBS,HSCs/Ery. prog.
GCCAGTGTCGCAATGT-1-PBS,Myel. prog. #3
GCCATGGGTCTTCCGT-1-PBS,Ery. prog. #2
GCCATTCAGTCATTGC-1-PBS,Ery. prog. #2
GCCATTCCACGGAAGT-1-PBS,HSCs #2
GCCATTCCAGCAGGAT-1-PBS,Myel. prog. #3
GCCCAGACAAATCGGG-1-PBS,MK prog.
GCCCAGACATGTGACT-1-PBS,Myel. prog. #2
GCCCAGAGTACTCGCG-1-PBS,LMPPs #2
GCCCAGAGTCCTCAGG-1-PBS,Myel. prog. #1
GCCCAGAGTGTGTCCG-1-PBS,LMPPs #2
GCCCGAAAGAAGCGAA-1-PBS,MK prog.
GCCGATGAGTGCCCGT-1-PBS,LMPPs #1
GCCGTGACAAATCAGA-1-PBS,HSCs/Ery. prog.
GCCGTGACAAGGTCGA-1-PBS,Myel. prog. #1
GCCGTGAGTGTTCCAA-1-PBS,MK prog.
GCCTGTTAGACTAAGT-1-PBS,Myel. prog. #1
GCCTGTTAGATGAATC-1-PBS,HSCs #2
GCCTGTTTCTCATTGT-1-PBS,HSCs #1.
GCGAGAAAGGAGCAAA-1-PBS,Myel. prog. #2
GCGAGAAAGGTTTACC-1-PBS,LMPPs #1
GCGAGAACATTGCAAC-1-PBS,MK prog.
GCGGAAAGTTGGCTAT-1-PBS,Eosinophil prog.
GCGGAAATCTTCGATT-1-PBS,Myel. prog. #2
GCGGATCAGGCCTAAG-1-PBS,Myel. prog. #3
GCGGATCAGGCTAAAT-1-PBS,Myel. prog. #2
GCGGATCCATCGATCA-1-PBS,Myel. prog. #1
GCGGATCTCCGTCAAA-1-PBS,LMPPs #2
GCGTGCAAGTCATCGT-1-PBS,HSCs #2
GCGTGCACACTGCTTC-1-PBS,Ery. prog. #2
GCGTGCAGTGTAAACA-1-PBS,Myel. prog. #1
GCGTTTCAGGCCTAAG-1-PBS,Ery. prog. #2
GCGTTTCAGTGCACTT-1-PBS,MK prog.
GCGTTTCAGTGCTCGC-1-PBS,MK prog.
GCGTTTCTCGATTTCT-1-PBS,Ery. prog. #2
GCTACAAGTAGAGGAA-1-PBS,Myel. prog. #2
GCTACAATCCAGTGTA-1-PBS,HSCs/Ery. prog.
GCTACCTAGCTGCCAC-1-PBS,MK prog.
GCTACCTAGTCTGTAC-1-PBS,Myel. prog. #1
GCTACCTGTAATGCTC-1-PBS,HSCs #2
GCTACCTGTTCCTAGA-1-PBS,Myel. prog. #3
GCTACCTTCTTGCAAG-1-PBS,MK prog.
GCTCAAAAGCATCAGG-1-PBS,LMPPs #2
GCTCAAACAGAATTCC-1-PBS,Myel. prog. #3
GCTCAAACAGCGTATT-1-PBS,Ery. prog. #1
GCTCAAACAGTGCGCT-1-PBS,Ery. prog. #1
GCTCAAAGTTATGTGC-1-PBS,HSCs #2
GCTGAATAGGCGATAC-1-PBS,Myel. prog. #2
GCTGAATCAGCTGCCA-1-PBS,LMPPs #2
GCTGCAGAGTAAACAC-1-PBS,LMPPs #1
GCTGCAGAGTTGAAGT-1-PBS,Myel. prog. #1
GCTGCAGTCGCTTGAA-1-PBS,MK prog.
GCTGCAGTCTGTTCAT-1-PBS,Myel. prog. #3
GCTGGGTAGATTGTGA-1-PBS,Myel. prog. #1
GCTGGGTCACTCCACT-1-PBS,Myel. prog. #1
GCTGGGTTCTCTGACC-1-PBS,MK prog.
GCTTCACGTTGGAGGT-1-PBS,Eosinophil prog.
GCTTTCGCACCCTATC-1-PBS,HSCs #2
GGAACCCGTGGCCACT-1-PBS,LMPPs #1
GGAACCCTCCGTGACG-1-PBS,Myel. prog. #2
GGAAGTGAGGTACAAT-1-PBS,Myel. prog. #2
GGAAGTGAGGTAGACC-1-PBS,Ery. prog. #2
GGAAGTGAGGTCATCT-1-PBS,MK prog.
GGAATCTAGCAATAGT-1-PBS,Myel. prog. #1
GGAATCTAGCCGATCC-1-PBS,Myel. prog. #2
GGAATCTAGGAGGGTG-1-PBS,MK prog.
GGAATCTAGTCGAAAT-1-PBS,Myel. prog. #2
GGAATCTCACAGCCAC-1-PBS,HSCs #2
GGAATCTGTTTCTTAC-1-PBS,LMPPs #1
GGAATGGAGAAGCCAC-1-PBS,LMPPs #2
GGAATGGGTGAGTGAC-1-PBS,LMPPs #2
GGAATGGTCGACCAAT-1-PBS,MK prog.
GGACGTCAGTGGTTCT-1-PBS,Myel. prog. #3
GGACGTCGTATGGAGC-1-PBS,LMPPs #2
GGACGTCTCATGCCCT-1-PBS,HSCs #2
GGAGAACAGCGATGGT-1-PBS,MK prog.
GGAGCAACACTCTAGA-1-PBS,MK prog.
GGAGCAAGTCTGATCA-1-PBS,LMPPs #2
GGAGCAATCTGTCAGA-1-PBS,LMPPs #1
GGAGCAATCTTCTCAA-1-PBS,Ery. prog. #2
GGAGGATCAATTTCGG-1-PBS,MK prog.
GGAGGATCACTACTTT-1-PBS,Myel. prog. #2
GGAGGATGTTTCCATT-1-PBS,MK prog.
GGAGGATTCAAGTTGC-1-PBS,Eosinophil prog.
GGATCTAGTACGATCT-1-PBS,LMPPs #2
GGATCTATCCCGTGTT-1-PBS,HSCs #2
GGATCTATCGCCTCTA-1-PBS,Myel. prog. #1
GGATCTATCTCCTACG-1-PBS,HSCs/Ery. prog.
GGATGTTAGGTGCAGT-1-PBS,Myel. prog. #2
GGATGTTTCACGGAGA-1-PBS,HSCs #2
GGATGTTTCCATAAGC-1-PBS,Myel. prog. #2
GGATGTTTCCCTAGGG-1-PBS,Myel. prog. #2
GGATGTTTCCGCGAGT-1-PBS,Ery. prog. #2
GGCACGTAGTTGCTCA-1-PBS,Myel. prog. #3
GGCACGTCAATGCAGG-1-PBS,LMPPs #2
GGCACGTCACGGCTAC-1-PBS,Myel. prog. #1
GGCACGTCATCTCCCA-1-PBS,Myel. prog. #2
GGCACGTGTCGTCAGC-1-PBS,Myel. prog. #1
GGCAGTCAGCATCCTA-1-PBS,MK prog.
GGCAGTCAGGATTTAG-1-PBS,Ery. prog. #2
GGCTGTGTCCCAAGTA-1-PBS,MK prog.
GGCTGTGTCGGACCAC-1-PBS,Myel. prog. #1
GGCTTGGAGGCCTGCT-1-PBS,Myel. prog. #3
GGCTTGGCATTGTAGC-1-PBS,Myel. prog. #2
GGCTTGGGTGGCCACT-1-PBS,Ery. prog. #2
GGCTTGGGTTTACGAC-1-PBS,Myel. prog. #2
GGCTTGGTCACTACGA-1-PBS,HSCs #2
GGCTTTCAGGAGAGTA-1-PBS,LMPPs #2
GGCTTTCCAGGGTCTC-1-PBS,Ery. prog. #2
GGCTTTCGTAACCCTA-1-PBS,Ery. prog. #2
GGCTTTCGTACGACTT-1-PBS,Myel. prog. #1
GGCTTTCGTCCATAGT-1-PBS,Myel. prog. #1
GGCTTTCTCGTCTCAC-1-PBS,Ery. prog. #1
GGGAAGTTCCACTTCG-1-PBS,MK prog.
GGGACCTAGATCACCT-1-PBS,MK prog.
GGGACCTGTAGGTTTC-1-PBS,LMPPs #2
GGGACCTTCCAGTGCG-1-PBS,Myel. prog. #2
GGGACCTTCTGCCTCA-1-PBS,Ery. prog. #2
GGGACTCCAGCATCTA-1-PBS,Myel. prog. #2
GGGACTCTCTCTTAAC-1-PBS,Myel. prog. #2
GGGACTCTCTTAGCTT-1-PBS,HSCs #2
GGGAGTAAGGTATCTC-1-PBS,Myel. prog. #1
GGGAGTACAAGTCGTT-1-PBS,Ery. prog. #1
GGGAGTACATCTCAAG-1-PBS,Myel. prog. #3
GGGAGTAGTATCCTTT-1-PBS,LMPPs #1
GGGATCCAGAAACTAC-1-PBS,LMPPs #1
GGGATCCGTGTTGAGG-1-PBS,LMPPs #2
GGGATCCGTTCGTTCC-1-PBS,HSCs #2
GGGATGACACTCCGGA-1-PBS,Myel. prog. #2
GGGATGACAGCAATTC-1-PBS,Myel. prog. #3
GGGATGAGTGCCTGAC-1-PBS,MK prog.
GGGCCATAGCAAATCA-1-PBS,Myel. prog. #3
GGGCCATCAGTAGTTC-1-PBS,MK prog.
GGGCCATCATGTGTCA-1-PBS,HSCs/Ery. prog.
GGGCCATGTACCCAGC-1-PBS,Myel. prog. #1
GGGCGTTAGACCCGCT-1-PBS,Ery. prog. #2
GGGCGTTAGCTCTTCC-1-PBS,HSCs #2
GGGCGTTGTCCCGCAA-1-PBS,Myel. prog. #2
GGGCGTTTCCACGGGT-1-PBS,Myel. prog. #2
GGGCGTTTCCTTCTTC-1-PBS,Myel. prog. #2
GGGCTACAGGTTGTTC-1-PBS,HSCs #2
GGGCTCACAAGTCATC-1-PBS,Ery. prog. #2
GGGCTCATCCGACGGT-1-PBS,LMPPs #1
GGGCTCATCCGTGTGG-1-PBS,Myel. prog. #3
GGGCTCATCCTCTGCA-1-PBS,LMPPs #2
GGGTAGAAGGGAGGCA-1-PBS,Myel. prog. #1
GGGTAGACAGGCTTGC-1-PBS,LMPPs #2
GGGTAGAGTAGTTCCA-1-PBS,Myel. prog. #1
GGGTATTAGGGTAGCT-1-PBS,HSCs/Ery. prog.
GGGTATTGTTGCCGCA-1-PBS,Ery. prog. #1
GGGTCACAGTCGAAGC-1-PBS,MK prog.
GGGTCACGTGTGGACA-1-PBS,LMPPs #1
GGGTCACTCAGAGCAG-1-PBS,Myel. prog. #2
GGGTCACTCTTGGAAC-1-PBS,HSCs #2
GGGTCTGAGAGCATCG-1-PBS,Myel. prog. #2
GGGTCTGGTGTTTACG-1-PBS,Myel. prog. #1
GGGTCTGTCGAAGAAT-1-PBS,Myel. prog. #1
GGGTGAAAGGTAGTCG-1-PBS,HSCs #2
GGGTGAACAGTTGCGC-1-PBS,MK prog.
GGGTGAAGTTGACTGT-1-PBS,Myel. prog. #2
GGGTGTCAGCGATTCT-1-PBS,Myel. prog. #2
GGGTGTCAGTCATTGC-1-PBS,LMPPs #1
GGGTGTCGTCCAGGTC-1-PBS,Myel. prog. #1
GGGTGTCGTTAAGGAT-1-PBS,LMPPs #2
GGGTGTCTCCATTGCC-1-PBS,Myel. prog. #1
GGGTTATCAGCACGAA-1-PBS,Myel. prog. #1
GGGTTATCAGCGTTGC-1-PBS,Myel. prog. #1
GGGTTATGTTTACGTG-1-PBS,Myel. prog. #2
GGGTTTAGTCGCGTCA-1-PBS,LMPPs #2
GGTAACTGTCCTGTCT-1-PBS,Myel. prog. #2
GGTAACTTCCAAGCCG-1-PBS,HSCs/Ery. prog.
GGTAACTTCCACTGGG-1-PBS,HSCs #2
GGTAATCAGTGTAGTA-1-PBS,LMPPs #2
GGTAATCGTGAGATAT-1-PBS,Eosinophil prog.
GGTAATCTCTGCGGAC-1-PBS,Myel. prog. #2
GGTAGAGGTTACGTAC-1-PBS,Myel. prog. #2
GGTAGAGTCCACCCTA-1-PBS,HSCs #2
GGTAGAGTCCCATAGA-1-PBS,Myel. prog. #2
GGTCACGCAGGGTTGA-1-PBS,Myel. prog. #2
GGTCACGTCCTTATGT-1-PBS,Myel. prog. #2
GGTCACGTCTGAGTCA-1-PBS,Myel. prog. #2
GGTCTGGCAACGACTT-1-PBS,HSCs #2
GGTCTGGCAGTTTCGA-1-PBS,Myel. prog. #2
GGTGAAGCACGATAGG-1-PBS,Myel. prog. #1
GGTGATTTCGATACAC-1-PBS,Myel. prog. #2
GGTGGCTCACCCTTGT-1-PBS,Myel. prog. #2
GGTGTCGCACAAGCCC-1-PBS,Ery. prog. #2
GGTGTCGCACGACTAT-1-PBS,Ery. prog. #2
GGTGTCGTCACAAGAA-1-PBS,Myel. prog. #3
GGTGTCGTCCGTATGA-1-PBS,LMPPs #2
GGTGTCGTCTCGTTTA-1-PBS,Myel. prog. #1
GGTGTTAAGACGTCGA-1-PBS,MK prog.
GGTGTTACACAAATAG-1-PBS,MK prog.
GGTGTTAGTCGCTTGG-1-PBS,Ery. prog. #1
GGTGTTAGTCTCACGG-1-PBS,MK prog.
GGTTAACAGCTAAGTA-1-PBS,MK prog.
GGTTAACAGGCTAAAT-1-PBS,Myel. prog. #1
GGTTAACTCATTTCCA-1-PBS,HSCs #2
GGTTCTCGTCGGTGAA-1-PBS,Ery. prog. #2
GGTTCTCTCACTACGA-1-PBS,MK prog.
GGTTGTAAGTACGAGC-1-PBS,Myel. prog. #3
GGTTGTAGTCGCACAC-1-PBS,MK prog.
GGTTGTATCACCTCAC-1-PBS,HSCs #2
GGTTGTATCCCTAGGG-1-PBS,MK prog.
GTAACACGTAAGCGGT-1-PBS,LMPPs #1
GTAACACGTGAACTAA-1-PBS,MK prog.
GTAACCAAGAAGGCTC-1-PBS,Ery. prog. #2
GTAACCAAGGTTAGTA-1-PBS,MK prog.
GTAACCACAATGCTCA-1-PBS,LMPPs #2
GTAACCACAGCTGAAG-1-PBS,LMPPs #2
GTAACCACAGGTGACA-1-PBS,HSCs #2
GTAACCACATCAGTGT-1-PBS,LMPPs #2
GTAACCACATGATAGA-1-PBS,Myel. prog. #1
GTAACCACATGGACAG-1-PBS,MK prog.
GTAAGTCAGATGGGCT-1-PBS,Ery. prog. #1
GTAATCGCAACTTGGT-1-PBS,Ery. prog. #2
GTAATCGCATGGAATA-1-PBS,Eosinophil prog.
GTAATCGTCGTGGACC-1-PBS,Myel. prog. #3
GTACAACAGTAGAATC-1-PBS,Myel. prog. #2
GTACAGTGTATGCAAA-1-PBS,Ery. prog. #2
GTACAGTGTATTGCCA-1-PBS,Myel. prog. #1
GTACAGTGTCATCAGT-1-PBS,Myel. prog. #3
GTACAGTTCTCACGAA-1-PBS,MK prog.
GTAGAAACACTCTGCT-1-PBS,Ery. prog. #1
GTAGAAAGTAAGCAAT-1-PBS,Myel. prog. #1
GTAGAAAGTGTCACAT-1-PBS,LMPPs #2
GTAGAGGAGATCACCT-1-PBS,MK prog.
GTAGAGGAGCGATTCT-1-PBS,Myel. prog. #3
GTAGAGGCATCTTCGC-1-PBS,Myel. prog. #2
GTAGAGGTCTTTCCGG-1-PBS,HSCs #2
GTAGATCGTAGACGTG-1-PBS,Myel. prog. #1
GTAGATCGTGCGCTCA-1-PBS,Myel. prog. #3
GTAGATCGTTAAACCC-1-PBS,LMPPs #1
GTAGATCTCGACCTAA-1-PBS,HSCs #2
GTAGCTATCACACCGG-1-PBS,MK prog.
GTAGGAGCAGTATGAA-1-PBS,Myel. prog. #2
GTAGGAGCATTGCCGG-1-PBS,Myel. prog. #1
GTAGGAGGTAGTGCGA-1-PBS,LMPPs #2
GTAGGTTAGCGTCAAG-1-PBS,Ery. prog. #1
GTAGGTTTCGTCCTTG-1-PBS,Myel. prog. #1
GTAGTACAGCTGCGAA-1-PBS,HSCs #2
GTAGTACCAAGCGCAA-1-PBS,LMPPs #2
GTAGTACCAATTCGTG-1-PBS,MK prog.
GTAGTACTCATTGAGC-1-PBS,Myel. prog. #3
GTAGTACTCCATTGGA-1-PBS,MK prog.
GTATTGGAGAGAGCCT-1-PBS,Myel. prog. #3
GTATTGGAGTTACGGG-1-PBS,MK prog.
GTATTGGTCATGCAGT-1-PBS,Myel. prog. #2
GTATTGGTCTCGCTCA-1-PBS,Myel. prog. #1
GTATTTCAGAGAGGGC-1-PBS,Myel. prog. #1
GTATTTCGTTGAGAGC-1-PBS,Myel. prog. #2
GTCAAACGTGCTCGTG-1-PBS,Myel. prog. #1
GTCAAACGTTCGTGCG-1-PBS,Myel. prog. #3
GTCAAACTCCCATGGG-1-PBS,LMPPs #1
GTCAAACTCTAATTCC-1-PBS,Myel. prog. #2
GTCAAGTCACCGTGCA-1-PBS,Myel. prog. #1
GTCAAGTCAGAGGTAC-1-PBS,Myel. prog. #2
GTCAAGTGTATCGAGG-1-PBS,Eosinophil prog.
GTCAAGTGTATGAAAC-1-PBS,Ery. prog. #2
GTCACGGAGACGACTG-1-PBS,MK prog.
GTCACGGGTCCACTTC-1-PBS,Ery. prog. #2
GTCACGGGTTCTATCT-1-PBS,Myel. prog. #2
GTCACTCCAAAGGTTA-1-PBS,LMPPs #1
GTCACTCCAATTTCGG-1-PBS,Myel. prog. #3
GTCAGCGAGCTGACTT-1-PBS,MK prog.
GTCATCCAGCCTCAAT-1-PBS,Ery. prog. #2
GTCATCCTCAATCTCT-1-PBS,HSCs #2
GTCATGAAGCGTTGTT-1-PBS,Myel. prog. #2
GTCATGAAGGAGGCAG-1-PBS,Myel. prog. #2
GTCATGACACGGTGCT-1-PBS,Ery. prog. #1
GTCATGAGTTAGCGGA-1-PBS,LMPPs #2
GTCATGATCTTACTGT-1-PBS,Ery. prog. #1
GTCATTTCAATCGTCA-1-PBS,HSCs #2
GTCATTTTCCATCCGT-1-PBS,Myel. prog. #3
GTCCACTAGGGTCAAC-1-PBS,Myel. prog. #3
GTCCACTCAATCAAGA-1-PBS,Myel. prog. #2
GTCCCATAGCCACTCG-1-PBS,Myel. prog. #2
GTCCCATGTCGAATTC-1-PBS,Myel. prog. #1
GTCCCATGTTGGGCCT-1-PBS,Myel. prog. #3
GTCCTCAGTACTCGTA-1-PBS,Ery. prog. #2
GTCCTCATCGCCGATG-1-PBS,HSCs #2
GTCGAATAGGGTTGCA-1-PBS,MK prog.
GTCGAATCATTGACCA-1-PBS,HSCs #2
GTCGAATGTGGCGTAA-1-PBS,Myel. prog. #2
GTCGAATTCACTCCGT-1-PBS,HSCs #2
GTCGAATTCCCGTGTT-1-PBS,MK prog.
GTCGCGACAACAACAA-1-PBS,LMPPs #2
GTCGCGACAGCAATTC-1-PBS,MK prog.
GTCGTAACACATCATG-1-PBS,MK prog.
GTCGTAATCCGCTTAC-1-PBS,Myel. prog. #3
GTCGTTCAGGAGGGTG-1-PBS,Myel. prog. #1
GTCGTTCAGTATGCAA-1-PBS,Myel. prog. #2
GTCGTTCCAACTGCTA-1-PBS,Myel. prog. #2
GTCTACCCACTAGAGG-1-PBS,MK prog.
GTCTACCGTATGACAA-1-PBS,Myel. prog. #3
GTCTACCGTGGAAATT-1-PBS,LMPPs #1
GTCTACCGTTACGCCG-1-PBS,Myel. prog. #2
GTCTAGAAGTCCGCGT-1-PBS,Ery. prog. #2
GTCTAGAAGTTTGCTG-1-PBS,HSCs #2
GTCTAGAGTGCCGAAA-1-PBS,LMPPs #1
GTCTAGAGTGCTTCAA-1-PBS,Myel. prog. #1
GTCTCACGTCCACTCT-1-PBS,HSCs #2
GTCTCACTCATAAGGA-1-PBS,Ery. prog. #2
GTCTGTCAGAGTGGCT-1-PBS,Ery. prog. #1
GTCTGTCAGGCCTGCT-1-PBS,MK prog.
GTCTTTAGTAACTAAG-1-PBS,Myel. prog. #1
GTGACGCCAGCTTCGG-1-PBS,Ery. prog. #2
GTGAGCCAGGCGTCCT-1-PBS,Myel. prog. #2
GTGAGCCCAATTGAGA-1-PBS,Myel. prog. #2
GTGAGCCGTAAGTTAG-1-PBS,LMPPs #2
GTGAGGAAGGATCACG-1-PBS,LMPPs #2
GTGAGGAGTTATTCTC-1-PBS,LMPPs #2
GTGAGGAGTTCGGTCG-1-PBS,MK prog.
GTGAGGAGTTGTGGAG-1-PBS,Myel. prog. #1
GTGAGGATCGCTAAAC-1-PBS,Myel. prog. #1
GTGAGTTCATCCGATA-1-PBS,Myel. prog. #1
GTGAGTTTCTCCGATC-1-PBS,Myel. prog. #3
GTGATGTGTACGTTCA-1-PBS,Eosinophil prog.
GTGATGTGTTCGCGTG-1-PBS,Myel. prog. #3
GTGCACGGTGTACATC-1-PBS,Ery. prog. #1
GTGCGTGCAGTCTTCC-1-PBS,Myel. prog. #1
GTGCGTGGTAGTTAGA-1-PBS,MK prog.
GTGCTGGAGCGAGTCA-1-PBS,Myel. prog. #2
GTGCTGGGTCCAAAGG-1-PBS,HSCs #2
GTGCTGGTCCTAGCCT-1-PBS,HSCs #1.
GTGCTTCAGTCACAGG-1-PBS,Myel. prog. #1
GTGCTTCGTCTCCTGT-1-PBS,Myel. prog. #3
GTGCTTCTCGTGTCAA-1-PBS,Myel. prog. #2
GTGGAAGAGGGATCGT-1-PBS,LMPPs #2
GTGGAAGCACTTCATT-1-PBS,HSCs #2
GTGGAAGGTGGAGAAA-1-PBS,Myel. prog. #1
GTGGAAGTCCTCACCA-1-PBS,Myel. prog. #2
GTGGAGACATGGCCAC-1-PBS,MK prog.
GTGGAGAGTTAGAGTA-1-PBS,Ery. prog. #2
GTGGAGATCGTGCTCT-1-PBS,Myel. prog. #1
GTGGGAACAAGTGGTG-1-PBS,Myel. prog. #3
GTGGGAAGTAAGCAAT-1-PBS,Myel. prog. #1
GTGGGAATCGATTTCT-1-PBS,Myel. prog. #1
GTGGTTACAGCTCTGG-1-PBS,LMPPs #1
GTGTAACGTCGTTATG-1-PBS,LMPPs #1
GTGTAACGTGGGACAT-1-PBS,Ery. prog. #2
GTGTAACTCACTGGGC-1-PBS,MK prog.
GTGTCCTCAACAAGTA-1-PBS,MK prog.
GTGTCCTGTTCTCCAC-1-PBS,Ery. prog. #2
GTGTGATAGCTCCACG-1-PBS,LMPPs #2
GTGTGATTCGGTTAGT-1-PBS,MK prog.
GTGTGGCCAAGCACAG-1-PBS,Ery. prog. #2
GTGTGGCCAGGCATTT-1-PBS,MK prog.
GTGTTAGAGGGCAGGA-1-PBS,Myel. prog. #3
GTGTTAGAGTGCAGCA-1-PBS,Myel. prog. #1
GTGTTAGTCTGCATGA-1-PBS,LMPPs #1
GTGTTCCCACAATGCT-1-PBS,HSCs #2
GTTACAGCATCGAGCC-1-PBS,Myel. prog. #1
GTTACAGGTTGCTCAA-1-PBS,Myel. prog. #2
GTTACCCAGCCAAGGT-1-PBS,Myel. prog. #1
GTTACCCCACATGGTT-1-PBS,MK prog.
GTTACGACAATATCCG-1-PBS,Myel. prog. #1
GTTACGATCATGAGGG-1-PBS,Ery. prog. #2
GTTACGATCCAGCAAT-1-PBS,Ery. prog. #1
GTTACGATCTGAGCAT-1-PBS,Myel. prog. #1
GTTAGACCACAGTACT-1-PBS,HSCs #2
GTTAGACCAGCACACC-1-PBS,Myel. prog. #2
GTTAGACGTCTGATCA-1-PBS,Ery. prog. #1
GTTAGACTCCTAAGTG-1-PBS,HSCs #2
GTTAGACTCGAGTACT-1-PBS,Myel. prog. #3
GTTAGTGGTATCTTCT-1-PBS,LMPPs #1
GTTAGTGGTATGCAAA-1-PBS,Ery. prog. #2
GTTAGTGGTCACCGAC-1-PBS,Ery. prog. #1
GTTAGTGGTCGAGTGA-1-PBS,LMPPs #1
GTTATGGAGTCGGCCT-1-PBS,Ery. prog. #1
GTTATGGTCCGTAGGC-1-PBS,Myel. prog. #1
GTTATGGTCCGTATAG-1-PBS,Myel. prog. #1
GTTCCGTCACTACAGT-1-PBS,HSCs #2
GTTCGCTAGAGCTGCA-1-PBS,LMPPs #2
GTTCGCTGTCCGGCAT-1-PBS,LMPPs #1
GTTCTATAGCCTATCA-1-PBS,HSCs/Ery. prog.
GTTCTATGTTATGTCG-1-PBS,HSCs #2
GTTCTATTCAACCTTT-1-PBS,HSCs #2
GTTCTATTCCCGTTCA-1-PBS,Myel. prog. #1
GTTGAACCACCGCTAG-1-PBS,Myel. prog. #2
GTTGAACTCACCATCC-1-PBS,HSCs/Ery. prog.
GTTGAACTCTAATTCC-1-PBS,Ery. prog. #1
GTTGAACTCTGGGCCA-1-PBS,MK prog.
GTTGCGGAGCCAAGTG-1-PBS,MK prog.
GTTGCGGTCCGTAGTA-1-PBS,HSCs/Ery. prog.
GTTGCGGTCCTCTAGC-1-PBS,HSCs #2
GTTGCTCCATTGGATC-1-PBS,LMPPs #1
GTTGTAGTCGGTTCAA-1-PBS,HSCs #2
GTTGTAGTCTGTCCGT-1-PBS,Myel. prog. #2
GTTGTGATCCTAAGTG-1-PBS,Eosinophil prog.
GTTTACTAGTAATTGG-1-PBS,HSCs #2
GTTTACTAGTGGCCTC-1-PBS,LMPPs #1
GTTTACTTCACTTCTA-1-PBS,Eosinophil prog.
GTTTGGAAGATTGGGC-1-PBS,Myel. prog. #2
GTTTGGAAGGGTCACA-1-PBS,Myel. prog. #1
GTTTGGAGTCCGGACT-1-PBS,Ery. prog. #1
GTTTGGATCACGATAC-1-PBS,Myel. prog. #3
GTTTGGATCCGAGTGC-1-PBS,Myel. prog. #2
TAACACGCACTAAACC-1-PBS,Eosinophil prog.
TAACACGGTCCACTCT-1-PBS,HSCs #1.
TAACACGGTCGCATGC-1-PBS,Ery. prog. #1
TAACACGGTGACGTCC-1-PBS,LMPPs #2
TAACCAGCAAAGCAAT-1-PBS,LMPPs #2
TAACCAGCAAGTCATC-1-PBS,Myel. prog. #3
TAACCAGGTCATCACA-1-PBS,Myel. prog. #1
TAACCAGGTGCCCAGT-1-PBS,Myel. prog. #3
TAACGACGTGGCCTCA-1-PBS,HSCs #2
TAACTTCCACGGCCAT-1-PBS,Ery. prog. #1
TAACTTCTCCTCTAAT-1-PBS,HSCs #1.
TAACTTCTCGAGTGAG-1-PBS,Ery. prog. #2
TAAGCACAGCAGCACA-1-PBS,HSCs #2
TAAGCACGTGTTCAGT-1-PBS,Myel. prog. #3
TAAGCCAAGAAGCCAC-1-PBS,Myel. prog. #2
TAAGCCAAGAGTTGCG-1-PBS,Myel. prog. #2
TAAGCGTCACAAAGCG-1-PBS,LMPPs #2
TAAGCGTTCCATCCGT-1-PBS,Ery. prog. #2
TAAGTCGAGGGACACT-1-PBS,Ery. prog. #1
TAAGTCGAGTTAGAAC-1-PBS,Eosinophil prog.
TAATCTCGTGACGTCC-1-PBS,Myel. prog. #2
TAATCTCTCGCGCTGA-1-PBS,Myel. prog. #2
TAATTCCAGTTGGACG-1-PBS,HSCs #2
TACAACGAGAGGGCGA-1-PBS,Eosinophil prog.
TACAACGAGTTCCTGA-1-PBS,Ery. prog. #2
TACAACGGTACATACC-1-PBS,LMPPs #2
TACAACGGTCGTCGGT-1-PBS,LMPPs #2
TACAACGTCATGTCAG-1-PBS,Myel. prog. #2
TACATTCGTGCATCTA-1-PBS,HSCs #2
TACCCACCAACGTTAC-1-PBS,HSCs/Ery. prog.
TACCCACGTCTTGCTC-1-PBS,Myel. prog. #2
TACCCACTCTCCTGTG-1-PBS,Myel. prog. #3
TACCCGTGTCCCGCAA-1-PBS,HSCs #2
TACCCGTGTCTGTAAC-1-PBS,HSCs #2
TACCGAACACACCGAC-1-PBS,LMPPs #1
TACCGAACATGAAGGC-1-PBS,LMPPs #1
TACCGAATCGTAGGAG-1-PBS,Myel. prog. #3
TACCGGGAGATACCAA-1-PBS,Ery. prog. #2
TACCGGGAGCGAACTG-1-PBS,Myel. prog. #3
TACCGGGCACCTGCGA-1-PBS,LMPPs #1
TACCGGGGTTCGGACC-1-PBS,LMPPs #1
TACCTCGGTAACCAGG-1-PBS,LMPPs #1
TACCTCGGTTTGATCG-1-PBS,Eosinophil prog.
TACCTGCCAGGCCCTA-1-PBS,Myel. prog. #2
TACCTGCGTACTCGAT-1-PBS,LMPPs #2
TACCTGCTCCCGTGAG-1-PBS,MK prog.
TACGCTCCAGGCGATA-1-PBS,Myel. prog. #3
TACGGGCGTTTAAGGA-1-PBS,Myel. prog. #1
TACGGTAGTGTCATCA-1-PBS,MK prog.
TACGGTATCAAGCCCG-1-PBS,LMPPs #1
TACGGTATCCATAGAC-1-PBS,Myel. prog. #2
TACGGTATCGGAGCAA-1-PBS,MK prog.
TACGTCCAGGGTTTCT-1-PBS,Ery. prog. #2
TACGTCCTCATTGCCC-1-PBS,Myel. prog. #3
TACTGCCAGTCATGGG-1-PBS,Myel. prog. #2
TACTGCCTCATTTGGG-1-PBS,Ery. prog. #2
TACTTCAGTATTTCCT-1-PBS,HSCs #1.
TACTTCAGTCCTCCAT-1-PBS,Myel. prog. #1
TACTTCATCTTGGATG-1-PBS,HSCs #2
TACTTGTAGAAGCGAA-1-PBS,Ery. prog. #1
TACTTGTAGGCATGCA-1-PBS,HSCs #2
TACTTGTAGGCCTAAG-1-PBS,LMPPs #1
TACTTGTTCTGAGATC-1-PBS,Ery. prog. #2
TAGACCAAGAAATTCG-1-PBS,HSCs #2
TAGACCACACAACGCC-1-PBS,Ery. prog. #1
TAGACCACATCGAAGG-1-PBS,Myel. prog. #2
TAGACCATCCCAAGTA-1-PBS,Myel. prog. #3
TAGACTGAGTATCCTG-1-PBS,MK prog.
TAGACTGGTTAACAGA-1-PBS,Eosinophil prog.
TAGACTGTCTTCCCAG-1-PBS,Myel. prog. #2
TAGAGTCCAAGTGACG-1-PBS,LMPPs #2
TAGAGTCCACCAGCGT-1-PBS,Myel. prog. #3
TAGAGTCTCAAGCCAT-1-PBS,HSCs #2
TAGAGTCTCTCGGGAC-1-PBS,Myel. prog. #2
TAGAGTCTCTGGACCG-1-PBS,HSCs #2
TAGCACAAGCATCCTA-1-PBS,Myel. prog. #2
TAGCACAAGCTGAGTG-1-PBS,MK prog.
TAGGAGGCATACCAGT-1-PBS,Eosinophil prog.
TAGGAGGTCCAACTGA-1-PBS,Myel. prog. #2
TAGGGTTCATGCACTA-1-PBS,HSCs #2
TAGGGTTGTGAGTGAC-1-PBS,LMPPs #2
TAGGTACCAGACAAAT-1-PBS,Myel. prog. #1
TAGGTACGTCTACGAT-1-PBS,Myel. prog. #1
TAGGTACGTGTTCAGT-1-PBS,MK prog.
TAGGTACTCATTACGG-1-PBS,Myel. prog. #1
TAGGTTGCAGAGGCAT-1-PBS,MK prog.
TAGTGCAAGGATGCGT-1-PBS,Myel. prog. #3
TATACCTAGGATTCCT-1-PBS,MK prog.
TATACCTTCGGTCTGG-1-PBS,Myel. prog. #2
TATATCCAGGGCAACT-1-PBS,HSCs #2
TATATCCAGGTTGAGC-1-PBS,LMPPs #1
TATATCCTCAGTCAGT-1-PBS,Ery. prog. #1
TATATCCTCCATCTAT-1-PBS,HSCs #2
TATATCCTCTCTCAAT-1-PBS,Myel. prog. #1
TATCAGGCACTAACGT-1-PBS,Myel. prog. #2
TATCCTAAGTAATCCC-1-PBS,HSCs #2
TATCCTAGTAAGGAGA-1-PBS,HSCs/Ery. prog.
TATCGCCGTCGAAGCA-1-PBS,Eosinophil prog.
TATCTGTAGGTTTACC-1-PBS,HSCs #2
TATCTTGCAATCCTAG-1-PBS,HSCs #2
TATCTTGCACAAGTGG-1-PBS,MK prog.
TATGTTCGTCGTAATC-1-PBS,Myel. prog. #1
TATGTTCTCCTTATCA-1-PBS,MK prog.
TATTCCACAAGCGATG-1-PBS,Myel. prog. #1
TATTGCTGTAGTGTGG-1-PBS,LMPPs #2
TATTGGGAGAAGCGAA-1-PBS,Myel. prog. #3
TATTGGGAGGCCTGAA-1-PBS,LMPPs #2
TATTGGGCAAGAGGCT-1-PBS,MK prog.
TATTTCGTCCAAGCAT-1-PBS,Myel. prog. #1
TCAAGACAGTGTAGAT-1-PBS,Myel. prog. #1
TCAAGACTCGTAGTCA-1-PBS,MK prog.
TCAAGCACAAGTGGTG-1-PBS,Eosinophil prog.
TCAAGCATCAGCAGAG-1-PBS,Myel. prog. #3
TCAAGTGGTAGGATAT-1-PBS,Ery. prog. #1
TCAAGTGGTCCCTCAT-1-PBS,Myel. prog. #2
TCAAGTGGTCCTGTTC-1-PBS,LMPPs #2
TCAATCTCAAGACGGT-1-PBS,MK prog.
TCAATCTGTTGCCATA-1-PBS,Myel. prog. #3
TCAATTCGTCGACTGC-1-PBS,Eosinophil prog.
TCACACCGTTCAGCTA-1-PBS,Ery. prog. #1
TCACACCGTTTCACTT-1-PBS,LMPPs #1
TCACACCTCATATGGC-1-PBS,HSCs #1.
TCACGCTCATCCTGTC-1-PBS,HSCs #2
TCACGCTTCCAAGCAT-1-PBS,HSCs #2
TCACGCTTCGTTCCCA-1-PBS,Ery. prog. #2
TCACGGGGTAGAGCTG-1-PBS,LMPPs #2
TCACGGGGTGTCGCTG-1-PBS,LMPPs #2
TCACGGGTCAGGTGTT-1-PBS,MK prog.
TCACGGGTCCGTGACG-1-PBS,LMPPs #2
TCACTATAGCGTATAA-1-PBS,MK prog.
TCACTATAGGAACGTC-1-PBS,MK prog.
TCACTATCATGTAACC-1-PBS,HSCs/Ery. prog.
TCACTCGGTACCAGAG-1-PBS,MK prog.
TCACTCGTCGACCAAT-1-PBS,LMPPs #2
TCACTCGTCGACGACC-1-PBS,HSCs #2
TCACTCGTCTTTGCTA-1-PBS,LMPPs #1
TCAGCAATCCAAAGGG-1-PBS,Myel. prog. #3
TCAGCCTGTCTCGCGA-1-PBS,MK prog.
TCAGGGCAGCATTTCG-1-PBS,HSCs #2
TCAGGGCCAATCCAGT-1-PBS,Myel. prog. #1
TCAGTCCCAAGCTCTA-1-PBS,Myel. prog. #1
TCAGTCCGTACGTTCA-1-PBS,LMPPs #1
TCAGTGACAAGTGGAC-1-PBS,Myel. prog. #2
TCAGTTTCACATACGT-1-PBS,Ery. prog. #1
TCAGTTTCAGAAGTTA-1-PBS,Myel. prog. #2
TCAGTTTCATCCTAAG-1-PBS,Ery. prog. #1
TCATACTAGAGGTTTA-1-PBS,MK prog.
TCATACTAGGCGACAT-1-PBS,LMPPs #2
TCATACTAGGTTCAGG-1-PBS,Myel. prog. #2
TCATATCAGCCATCCG-1-PBS,Myel. prog. #3
TCATATCCACAATCTG-1-PBS,Myel. prog. #1
TCATATCGTGAATTGA-1-PBS,Ery. prog. #2
TCATATCTCCAACTGA-1-PBS,HSCs #2
TCATCATAGAAGGGAT-1-PBS,MK prog.
TCATCATCAATCACGT-1-PBS,MK prog.
TCATCATCATCGGCCA-1-PBS,Myel. prog. #2
TCATCCGCAAGAGGCT-1-PBS,LMPPs #2
TCATCCGCAGAATCGG-1-PBS,Myel. prog. #2
TCATCCGGTAATCAGA-1-PBS,MK prog.
TCATCCGGTATCGATC-1-PBS,Ery. prog. #1
TCATCCGTCCTACGGG-1-PBS,HSCs #2
TCATGAGGTTAATCGC-1-PBS,HSCs #2
TCATGAGTCCGATCTC-1-PBS,Myel. prog. #2
TCATGAGTCGACCATA-1-PBS,Ery. prog. #2
TCATGCCCACCCTATC-1-PBS,LMPPs #1
TCATGGAAGCTCGACC-1-PBS,Ery. prog. #2
TCATGGAAGTTCATGC-1-PBS,Ery. prog. #2
TCATGGAGTTTACTTC-1-PBS,LMPPs #1
TCATGGATCTTGGAAC-1-PBS,Ery. prog. #2
TCATGTTAGAGGTCGT-1-PBS,MK prog.
TCATGTTCAACGCATT-1-PBS,LMPPs #2
TCATGTTGTGAATTAG-1-PBS,HSCs/Ery. prog.
TCATTACAGCTAAACA-1-PBS,LMPPs #2
TCATTCAGTACGAGTG-1-PBS,MK prog.
TCATTCAGTCACTCGG-1-PBS,Ery. prog. #1
TCATTCAGTCGTTGCG-1-PBS,LMPPs #1
TCATTCATCCGGCAAC-1-PBS,Myel. prog. #3
TCATTGTCATCTTTCA-1-PBS,Myel. prog. #3
TCATTGTGTTGCGTAT-1-PBS,HSCs #2
TCATTTGAGGGCCCTT-1-PBS,MK prog.
TCATTTGAGTCACGAG-1-PBS,MK prog.
TCATTTGCACTACCGG-1-PBS,HSCs #1.
TCATTTGGTGAATTGA-1-PBS,Myel. prog. #2
TCATTTGTCTACCAGA-1-PBS,Myel. prog. #1
TCCACCAAGCGTGCCT-1-PBS,HSCs #2
TCCACCACACGTTCGG-1-PBS,MK prog.
TCCACCAGTCTTACTT-1-PBS,HSCs #1.
TCCACCATCGAGAACG-1-PBS,MK prog.
TCCACGTGTCCCGTGA-1-PBS,MK prog.
TCCAGAAAGCACTTTG-1-PBS,Ery. prog. #2
TCCAGAACACGCTGCA-1-PBS,Myel. prog. #3
TCCAGAATCTATGCCC-1-PBS,Myel. prog. #2
TCCAGAATCTGTTGGA-1-PBS,Myel. prog. #1
TCCATCGCATAATGAG-1-PBS,LMPPs #1
TCCATCGTCCGACATA-1-PBS,HSCs/Ery. prog.
TCCATGCAGCCTTCTC-1-PBS,MK prog.
TCCATGCAGGCATCAG-1-PBS,Ery. prog. #2
TCCATGCGTTGGACCC-1-PBS,LMPPs #2
TCCCACAAGCCTCTGG-1-PBS,MK prog.
TCCCACACAGTCAGAG-1-PBS,Myel. prog. #1
TCCCACAGTACCGGAA-1-PBS,HSCs #2
TCCCAGTAGACGATAT-1-PBS,LMPPs #1
TCCCAGTCAGGACAGT-1-PBS,Myel. prog. #3
TCCCAGTTCCATTTAC-1-PBS,Myel. prog. #1
TCCCAGTTCGAACCAT-1-PBS,Myel. prog. #2
TCCCAGTTCGCCGAGT-1-PBS,Myel. prog. #3
TCCCATGAGTAACGAT-1-PBS,MK prog.
TCCCATGGTCGATTAC-1-PBS,MK prog.
TCCCATGTCAGGCGAA-1-PBS,Myel. prog. #3
TCCGAAAAGCATGCAG-1-PBS,Ery. prog. #2
TCCGAAAGTGGTCCCA-1-PBS,HSCs #2
TCCGAAATCACGGGAA-1-PBS,MK prog.
TCCGAAATCCGTCCTA-1-PBS,MK prog.
TCCGATCGTAACTGCT-1-PBS,Ery. prog. #2
TCCGGGAGTTGAAGTA-1-PBS,MK prog.
TCCGTGTCAGCACACC-1-PBS,HSCs/Ery. prog.
TCCGTGTGTACTCGAT-1-PBS,Myel. prog. #2
TCCGTGTGTTTGTTCT-1-PBS,HSCs #2
TCCGTGTTCTCTTAAC-1-PBS,Myel. prog. #1
TCCTAATAGCTAAACA-1-PBS,Myel. prog. #2
TCCTAATAGGCCATAG-1-PBS,Myel. prog. #1
TCCTAATGTCCAAATC-1-PBS,HSCs #2
TCCTAATGTGGTCTCG-1-PBS,MK prog.
TCCTCCCGTATGTCCA-1-PBS,HSCs #2
TCCTCCCGTGTGCTTA-1-PBS,Ery. prog. #2
TCCTCGAAGTTACGGG-1-PBS,Myel. prog. #2
TCCTCGAGTTCTCGCT-1-PBS,HSCs/Ery. prog.
TCCTCTTAGAGTCAAT-1-PBS,Myel. prog. #3
TCCTCTTGTAACCCGC-1-PBS,LMPPs #1
TCCTCTTTCACTTTGT-1-PBS,LMPPs #2
TCCTCTTTCCTGTAAG-1-PBS,LMPPs #2
TCCTCTTTCTCATGGA-1-PBS,HSCs #1.
TCCTGCAAGGATTCCT-1-PBS,LMPPs #1
TCCTGCACAGCGAACA-1-PBS,HSCs #2
TCCTTCTAGAAGTCTA-1-PBS,Myel. prog. #2
TCCTTCTAGAGCAGCT-1-PBS,Myel. prog. #1
TCCTTCTGTACTCCCT-1-PBS,LMPPs #1
TCGAACAAGGCAGCTA-1-PBS,Ery. prog. #2
TCGAACATCCGATCGG-1-PBS,Myel. prog. #3
TCGAAGTCACTCCTGT-1-PBS,Eosinophil prog.
TCGAAGTCAGGAGGAG-1-PBS,LMPPs #2
TCGACCTAGTATTAGG-1-PBS,Myel. prog. #2
TCGACCTGTAGGTCAG-1-PBS,Myel. prog. #2
TCGACCTTCTGGCCAG-1-PBS,Myel. prog. #3
TCGACGGCATGAAGGC-1-PBS,MK prog.
TCGATTTCAAACTAAG-1-PBS,Myel. prog. #1
TCGATTTGTAATACCC-1-PBS,Ery. prog. #2
TCGATTTGTTCGGTTA-1-PBS,LMPPs #1
TCGATTTTCAACGTGT-1-PBS,Myel. prog. #3
TCGCACTGTTCGGACC-1-PBS,LMPPs #2
TCGCAGGAGTAAAGCT-1-PBS,Myel. prog. #2
TCGCAGGCACTAACCA-1-PBS,LMPPs #2
TCGCAGGTCCACAGCG-1-PBS,HSCs #2
TCGCAGGTCCAGCTCT-1-PBS,Myel. prog. #3
TCGCAGGTCGCCGATG-1-PBS,LMPPs #1
TCGCTCATCAACACCA-1-PBS,Myel. prog. #3
TCGCTCATCCTGGGAC-1-PBS,LMPPs #1
TCGCTTGAGTTGTAGA-1-PBS,HSCs/Ery. prog.
TCGCTTGGTTGCCAAT-1-PBS,Myel. prog. #2
TCGGATATCTCTAGGA-1-PBS,Ery. prog. #1
TCGGGACAGTAGACCG-1-PBS,Myel. prog. #3
TCGGGACAGTGCGACA-1-PBS,Ery. prog. #2
TCGGGACCAGAAGTTA-1-PBS,LMPPs #1
TCGGGACCATCGGATT-1-PBS,Myel. prog. #2
TCGGGCACAATTCACG-1-PBS,MK prog.
TCGGGCATCGCCAGTG-1-PBS,MK prog.
TCGGGTGGTCTCACGG-1-PBS,HSCs #2
TCGTAGAAGGGACACT-1-PBS,Myel. prog. #1
TCGTAGACAGCGTTTA-1-PBS,MK prog.
TCGTCCAAGATCGCCC-1-PBS,LMPPs #2
TCGTCCAGTTTCCAAG-1-PBS,HSCs #2
TCGTGCTAGAAACTGT-1-PBS,Ery. prog. #1
TCGTGCTAGGACACTG-1-PBS,Ery. prog. #1
TCGTGCTAGGCTTCCG-1-PBS,HSCs/Ery. prog.
TCGTGCTAGGGCATGT-1-PBS,MK prog.
TCTACATAGGGAGGGT-1-PBS,MK prog.
TCTACATAGGTACAAT-1-PBS,Myel. prog. #1
TCTACATAGTTCTACG-1-PBS,Ery. prog. #1
TCTACATCAAGAGAGA-1-PBS,HSCs #2
TCTACATCACCCTTAC-1-PBS,Myel. prog. #2
TCTACATGTCTACATG-1-PBS,Myel. prog. #2
TCTACATTCGCTCATC-1-PBS,MK prog.
TCTACCGAGCACTAAA-1-PBS,LMPPs #1
TCTATACAGGAAAGAC-1-PBS,Ery. prog. #1
TCTATACGTGGGTATG-1-PBS,Myel. prog. #2
TCTATCACAGTCTCTC-1-PBS,MK prog.
TCTATCATCCTTATAC-1-PBS,HSCs #2
TCTCACGCATTGCCTC-1-PBS,HSCs/Ery. prog.
TCTCACGGTAGAGCTG-1-PBS,MK prog.
TCTCACGGTATTTCTC-1-PBS,Ery. prog. #2
TCTCACGGTCTCAGAT-1-PBS,MK prog.
TCTCACGTCCTCAGGG-1-PBS,Myel. prog. #1
TCTCACGTCTCGACGG-1-PBS,MK prog.
TCTCAGCAGCATGGGT-1-PBS,Myel. prog. #2
TCTCAGCGTGTAACGG-1-PBS,MK prog.
TCTCAGCTCTCATTGT-1-PBS,Myel. prog. #2
TCTCCGACAACAGTGG-1-PBS,HSCs #2
TCTCTGGAGCGGTATG-1-PBS,Ery. prog. #1
TCTCTGGAGTTCACTG-1-PBS,HSCs/Ery. prog.
TCTCTGGCATACCAGT-1-PBS,Myel. prog. #3
TCTCTGGGTACGACAG-1-PBS,Ery. prog. #2
TCTGCCAAGGTGATCG-1-PBS,LMPPs #2
TCTGCCAGTAGGCTCC-1-PBS,Myel. prog. #3
TCTGCCATCGTTCAGA-1-PBS,LMPPs #2
TCTTAGTAGTCTGGTT-1-PBS,Myel. prog. #1
TCTTAGTCAATGGGTG-1-PBS,MK prog.
TCTTAGTGTCCAGGTC-1-PBS,MK prog.
TCTTAGTTCGAAGCCC-1-PBS,HSCs/Ery. prog.
TCTTCCTAGTCCGCCA-1-PBS,Myel. prog. #3
TCTTCCTCATTCACCC-1-PBS,MK prog.
TCTTCCTGTACCTAGT-1-PBS,Myel. prog. #1
TCTTGCGAGCGTATAA-1-PBS,Myel. prog. #3
TCTTGCGAGTCTCCTC-1-PBS,LMPPs #1
TCTTGCGCATCACAGT-1-PBS,HSCs #2
TCTTGCGGTCGTGGTC-1-PBS,LMPPs #1
TCTTGCGTCACTTGGA-1-PBS,Myel. prog. #2
TCTTTGAAGACGTCGA-1-PBS,Eosinophil prog.
TCTTTGAAGGCTGAAC-1-PBS,Myel. prog. #3
TCTTTGAGTTGGTACT-1-PBS,Ery. prog. #2
TCTTTGATCACTACTT-1-PBS,Myel. prog. #3
TGAACGTCACTACGGC-1-PBS,HSCs #2
TGAACGTCACTGAGTT-1-PBS,Ery. prog. #2
TGAACGTCAGTCGCTG-1-PBS,Myel. prog. #3
TGAATCGAGCGTTAGG-1-PBS,MK prog.
TGAATCGAGGTGGCTA-1-PBS,LMPPs #1
TGAATCGCAGGACAGT-1-PBS,MK prog.
TGAATCGGTAGTGTGG-1-PBS,LMPPs #2
TGAATCGGTCGAGCAA-1-PBS,Myel. prog. #2
TGAATCGTCTCGTGGG-1-PBS,Myel. prog. #1
TGAATGCTCAATGTCG-1-PBS,Ery. prog. #2
TGACAGTAGCATACTC-1-PBS,LMPPs #1
TGACAGTTCCTTATAC-1-PBS,HSCs #1.
TGACAGTTCTAGAACC-1-PBS,LMPPs #1
TGACAGTTCTGACAGT-1-PBS,Myel. prog. #3
TGACCCTAGAATCGAT-1-PBS,LMPPs #2
TGACCCTTCGGAATGG-1-PBS,LMPPs #2
TGACGCGAGCATCCCG-1-PBS,Myel. prog. #3
TGACGCGGTACTAAGA-1-PBS,Myel. prog. #3
TGACGCGGTGGTCAAG-1-PBS,LMPPs #2
TGACTCCAGAGCAAGA-1-PBS,Myel. prog. #3
TGACTCCTCCAAGCAT-1-PBS,Ery. prog. #1
TGAGACTCAACCCTAA-1-PBS,HSCs #2
TGAGACTGTGACATCT-1-PBS,LMPPs #1
TGAGCATGTGGCCTCA-1-PBS,Myel. prog. #2
TGAGCGCAGCTGACAG-1-PBS,Myel. prog. #3
TGAGGAGAGAAATCCA-1-PBS,Myel. prog. #1
TGAGGAGCAAAGAGTT-1-PBS,MK prog.
TGAGGAGTCGCATAGT-1-PBS,Myel. prog. #3
TGAGGTTAGCACACCC-1-PBS,MK prog.
TGAGGTTCAACGGCTC-1-PBS,Ery. prog. #2
TGAGGTTCAGGTTTAC-1-PBS,MK prog.
TGAGGTTGTCTGTAGT-1-PBS,Myel. prog. #1
TGAGGTTTCAGGACAG-1-PBS,Myel. prog. #2
TGAGTCACACTTCATT-1-PBS,Myel. prog. #1
TGAGTCAGTACTGGGA-1-PBS,Ery. prog. #2
TGATCAGAGAAAGTCT-1-PBS,Myel. prog. #1
TGATCAGAGATTAGCA-1-PBS,Ery. prog. #2
TGATCAGAGCTTTGTG-1-PBS,LMPPs #2
TGATCAGGTTCTGACA-1-PBS,Myel. prog. #2
TGATCAGTCAGGGTAG-1-PBS,Myel. prog. #2
TGATGCAAGGATTTAG-1-PBS,Myel. prog. #2
TGATGCAGTCTGCAAT-1-PBS,Myel. prog. #2
TGATGGTAGATGTAGT-1-PBS,LMPPs #1
TGATGGTGTGCGTGCT-1-PBS,HSCs #2
TGATGGTTCCTGGGTG-1-PBS,HSCs #2
TGATTCTCAATGGGTG-1-PBS,Myel. prog. #2
TGATTCTCACTCTGCT-1-PBS,MK prog.
TGATTTCCAGCTCTGG-1-PBS,HSCs #2
TGATTTCTCCTTATGT-1-PBS,HSCs #2
TGCACGGAGGAATCGC-1-PBS,LMPPs #2
TGCACGGGTTGGACTT-1-PBS,Ery. prog. #1
TGCAGGCCACTTTATC-1-PBS,MK prog.
TGCAGGCCATGTTCAG-1-PBS,HSCs #2
TGCAGGCGTAAGGTCG-1-PBS,LMPPs #2
TGCAGGCGTACAGCGA-1-PBS,Myel. prog. #3
TGCAGTATCCTATGGA-1-PBS,MK prog.
TGCAGTATCGTAGCCG-1-PBS,HSCs #2
TGCAGTATCTGAATCG-1-PBS,Myel. prog. #1
TGCATCCAGGATATGT-1-PBS,Myel. prog. #2
TGCATCCGTACAAACA-1-PBS,Myel. prog. #1
TGCATCCTCTATCGCC-1-PBS,LMPPs #1
TGCATGACATTCCTCG-1-PBS,HSCs #1.
TGCATGAGTCGTGGAA-1-PBS,Ery. prog. #1
TGCATGATCATCCTGC-1-PBS,Myel. prog. #1
TGCCGAGAGGGTTAAT-1-PBS,LMPPs #2
TGCCGAGGTGGCTGAA-1-PBS,LMPPs #1
TGCGACGCAATGAACA-1-PBS,HSCs #1.
TGCGACGCAATTGGTC-1-PBS,MK prog.
TGCGACGCAGTCCCGA-1-PBS,Myel. prog. #2
TGCGACGGTTATGTCG-1-PBS,Myel. prog. #3
TGCGATACATCCGTGG-1-PBS,LMPPs #1
TGCGATAGTGCAGTGA-1-PBS,HSCs #2
TGCGGCAGTTGCTCGG-1-PBS,MK prog.
TGCGGCATCACCGGTG-1-PBS,HSCs #1.
TGCGGCATCCTACACC-1-PBS,HSCs #1.
TGCGGGTTCACACGAT-1-PBS,Myel. prog. #1
TGCGGGTTCCATGAGT-1-PBS,Ery. prog. #1
TGCTCCACACGGGTAA-1-PBS,MK prog.
TGCTCCAGTGCATACT-1-PBS,Myel. prog. #1
TGCTCGTTCAGGACGA-1-PBS,Ery. prog. #2
TGCTCGTTCTGACAGT-1-PBS,Myel. prog. #2
TGCTGAAAGACATAAC-1-PBS,HSCs #2
TGCTGAAAGTGTGTTC-1-PBS,MK prog.
TGCTGAAGTTTACGTG-1-PBS,HSCs #2
TGCTTCGCAATGTCAC-1-PBS,HSCs #2
TGCTTCGGTGAGACGT-1-PBS,Myel. prog. #3
TGCTTGCAGCCTTTGA-1-PBS,LMPPs #2
TGCTTGCAGCTCCCTT-1-PBS,HSCs #2
TGCTTGCCAACCACGC-1-PBS,Myel. prog. #1
TGCTTGCCACGACGTC-1-PBS,HSCs #2
TGCTTGCTCTTAGTTC-1-PBS,LMPPs #2
TGGAGGAAGAAGGATG-1-PBS,Myel. prog. #3
TGGAGGACACTACACA-1-PBS,Myel. prog. #2
TGGAGGATCAGGTAAA-1-PBS,Myel. prog. #1
TGGAGGATCGAGAAAT-1-PBS,MK prog.
TGGATCAAGACGCATG-1-PBS,MK prog.
TGGATCAAGCAATAGT-1-PBS,LMPPs #1
TGGATCACAGCTGTCG-1-PBS,Myel. prog. #3
TGGATCAGTCGCAACC-1-PBS,Myel. prog. #1
TGGATGTCAGAATCGG-1-PBS,MK prog.
TGGATGTCATTGTCGA-1-PBS,Ery. prog. #1
TGGATGTGTTGGCCGT-1-PBS,Myel. prog. #2
TGGATGTTCGTAGAGG-1-PBS,MK prog.
TGGCGTGTCGAAATCC-1-PBS,Myel. prog. #1
TGGGAAGAGAATTTGG-1-PBS,Ery. prog. #1
TGGGAAGCAGGCGATA-1-PBS,Ery. prog. #2
TGGGAAGGTGGCCACT-1-PBS,Myel. prog. #1
TGGGAAGGTTTAGACC-1-PBS,Ery. prog. #2
TGGGAAGTCTCTATGT-1-PBS,LMPPs #2
TGGGAGACACTTCAGA-1-PBS,Myel. prog. #2
TGGGAGAGTTCCGCGA-1-PBS,Myel. prog. #3
TGGGATTGTCGAGTGA-1-PBS,Myel. prog. #1
TGGGATTTCAAGGCTT-1-PBS,LMPPs #2
TGGGCGTAGCTGTTCA-1-PBS,Ery. prog. #1
TGGGCGTCATGGAAGC-1-PBS,LMPPs #2
TGGGCGTTCGCGTGAC-1-PBS,Myel. prog. #2
TGGGCTGTCATCGACA-1-PBS,Myel. prog. #3
TGGGCTGTCTAGTCAG-1-PBS,MK prog.
TGGGTTATCAGGGATG-1-PBS,Myel. prog. #1
TGGGTTATCCGATTAG-1-PBS,Ery. prog. #2
TGGGTTATCTACTGCC-1-PBS,Ery. prog. #2
TGGTACAAGCACTAGG-1-PBS,LMPPs #1
TGGTACAGTTGTCTAG-1-PBS,Myel. prog. #1
TGGTACATCTAGCAAC-1-PBS,Myel. prog. #2
TGGTAGTAGCTGTTCA-1-PBS,Myel. prog. #1
TGGTAGTTCCGCTAGG-1-PBS,Myel. prog. #3
TGGTAGTTCCTATGGA-1-PBS,Myel. prog. #2
TGGTGATAGTGGAATT-1-PBS,Myel. prog. #3
TGGTTAGAGTTACGGG-1-PBS,MK prog.
TGTAACGCAAGATGTA-1-PBS,HSCs #2
TGTAACGGTATCACCA-1-PBS,LMPPs #1
TGTAACGTCAGGGATG-1-PBS,Myel. prog. #2
TGTAACGTCGGCACTG-1-PBS,HSCs #2
TGTAAGCAGGTCCGAA-1-PBS,Myel. prog. #3
TGTACAGAGCTGTGCC-1-PBS,Ery. prog. #2
TGTACAGGTTCGTTCC-1-PBS,Ery. prog. #1
TGTAGACCAACATCGT-1-PBS,Myel. prog. #1
TGTAGACTCCGATCTC-1-PBS,HSCs/Ery. prog.
TGTCCACGTAGCGCCT-1-PBS,Ery. prog. #1
TGTCCCATCAATCGGT-1-PBS,Ery. prog. #2
TGTCCCATCTCAGTCC-1-PBS,LMPPs #1
TGTCCTGAGTGCTACT-1-PBS,LMPPs #1
TGTGAGTAGCATTGTC-1-PBS,Ery. prog. #2
TGTGAGTAGGTTGGTG-1-PBS,LMPPs #1
TGTGAGTAGTTGGCTT-1-PBS,Myel. prog. #2
TGTGAGTGTCGCTTGG-1-PBS,Eosinophil prog.
TGTGATGTCTAAGAAG-1-PBS,MK prog.
TGTGCGGGTACTAGCT-1-PBS,LMPPs #2
TGTGCGGGTGCATTAC-1-PBS,Myel. prog. #2
TGTGGCGAGCTAAGTA-1-PBS,Myel. prog. #2
TGTGTGAAGACTCCGC-1-PBS,LMPPs #2
TGTGTGAAGAGAACCC-1-PBS,Myel. prog. #1
TGTGTGAAGCATAGGC-1-PBS,MK prog.
TGTGTGATCAACCTCC-1-PBS,LMPPs #2
TGTGTGATCCTCTCTT-1-PBS,HSCs/Ery. prog.
TGTGTGATCGCAGAGA-1-PBS,Myel. prog. #2
TGTTACTAGGTTGGTG-1-PBS,Myel. prog. #1
TGTTACTAGTCGAATA-1-PBS,MK prog.
TGTTACTCAGCGGTTC-1-PBS,Myel. prog. #3
TGTTACTCATCCGCGA-1-PBS,HSCs #2
TGTTACTGTAACATCC-1-PBS,MK prog.
TGTTACTGTACACGTT-1-PBS,Myel. prog. #1
TGTTACTTCAGACATC-1-PBS,Myel. prog. #1
TGTTCATGTCAGACGA-1-PBS,LMPPs #2
TGTTCCGGTCCCTAAA-1-PBS,Myel. prog. #2
TGTTCCGGTGCACGCT-1-PBS,Myel. prog. #3
TGTTCCGGTGTGACCC-1-PBS,LMPPs #1
TGTTCTATCCCGAGGT-1-PBS,MK prog.
TGTTGAGGTCCATCTC-1-PBS,Ery. prog. #2
TGTTGAGTCCGAGCTG-1-PBS,Ery. prog. #1
TGTTGGAAGAGAGGTA-1-PBS,LMPPs #2
TGTTGGAAGCCTCCAG-1-PBS,Ery. prog. #1
TGTTGGAAGGACTATA-1-PBS,Myel. prog. #1
TGTTGGAGTAAGGTCG-1-PBS,MK prog.
TGTTGGAGTCGCCTAG-1-PBS,Ery. prog. #2
TGTTGGATCTGTCGCT-1-PBS,HSCs #2
TGTTTGTCAATCGCAT-1-PBS,MK prog.
TGTTTGTTCTGGACTA-1-PBS,MK prog.
TTAATCCCAGAGTGAC-1-PBS,LMPPs #2
TTAATCCGTGAGATTA-1-PBS,HSCs #2
TTACAGGAGTTGCCTA-1-PBS,HSCs #2
TTACAGGTCTAATTCC-1-PBS,MK prog.
TTACCATAGCACCCAC-1-PBS,LMPPs #2
TTACCGCAGATGCTTC-1-PBS,LMPPs #1
TTACCGCCAGAGTCTT-1-PBS,Ery. prog. #2
TTACGCCGTCATCGGC-1-PBS,HSCs #1.
TTACGTTGTTTACGAC-1-PBS,Myel. prog. #3
TTACGTTTCCTTCTAA-1-PBS,HSCs #1.
TTACTGTCAACAAAGT-1-PBS,LMPPs #2
TTACTGTCACTATCGA-1-PBS,Myel. prog. #1
TTAGGCAAGGACAGTC-1-PBS,LMPPs #2
TTAGGGTAGGTACATA-1-PBS,HSCs #2
TTAGGGTAGTCATTGC-1-PBS,LMPPs #2
TTAGGGTAGTTAGAAC-1-PBS,LMPPs #1
TTAGGGTCAAGGTACG-1-PBS,LMPPs #2
TTAGGGTGTTAATCGC-1-PBS,LMPPs #1
TTAGGGTTCAGTGGGA-1-PBS,Myel. prog. #2
TTAGGGTTCTTCGGTC-1-PBS,LMPPs #1
TTAGTCTAGCCTCAAT-1-PBS,LMPPs #2
TTAGTCTAGCTACTAC-1-PBS,Myel. prog. #1
TTAGTCTCAGCGTTTA-1-PBS,Ery. prog. #1
TTAGTCTGTATAGGAT-1-PBS,Ery. prog. #2
TTAGTCTTCCAAGCAT-1-PBS,LMPPs #1
TTAGTCTTCTTGTTAC-1-PBS,Ery. prog. #2
TTATTGCAGAGCAAGA-1-PBS,Myel. prog. #1
TTATTGCAGCATGTTC-1-PBS,HSCs #2
TTATTGCCAAACTCTG-1-PBS,LMPPs #1
TTATTGCGTTCGAACT-1-PBS,MK prog.
TTATTGCTCCTCTGCA-1-PBS,Eosinophil prog.
TTCAATCGTGCATGTT-1-PBS,Myel. prog. #2
TTCACCGGTAGTCTGT-1-PBS,Ery. prog. #1
TTCACCGGTTGGATCT-1-PBS,Myel. prog. #2
TTCACCGTCGTGCACG-1-PBS,Myel. prog. #1
TTCACGCGTTCATCTT-1-PBS,Myel. prog. #2
TTCAGGAAGGTGCCTC-1-PBS,MK prog.
TTCAGGAGTCTCGCGA-1-PBS,Myel. prog. #3
TTCATGTTCATGGAGG-1-PBS,Ery. prog. #2
TTCATGTTCGCACGAC-1-PBS,LMPPs #2
TTCATTGCAATTGCTG-1-PBS,Ery. prog. #2
TTCATTGGTACTGCCG-1-PBS,HSCs/Ery. prog.
TTCATTGGTCCAACGC-1-PBS,MK prog.
TTCCAATGTATCATGC-1-PBS,Myel. prog. #2
TTCCACGAGGGCAATC-1-PBS,Myel. prog. #2
TTCCGGTAGGTTGTTC-1-PBS,Eosinophil prog.
TTCCGGTAGTGCCTCG-1-PBS,Ery. prog. #1
TTCCGTGAGACGCCAA-1-PBS,LMPPs #1
TTCCGTGGTCCGGTCA-1-PBS,MK prog.
TTCCGTGGTTTGTTGG-1-PBS,Ery. prog. #2
TTCCGTGTCATAGAGA-1-PBS,Myel. prog. #3
TTCCTAACAAGGGTCA-1-PBS,HSCs/Ery. prog.
TTCCTCTGTGGTCAAG-1-PBS,LMPPs #1
TTCGATTCAGAAGTGC-1-PBS,MK prog.
TTCGCTGCACCGTCGA-1-PBS,Myel. prog. #2
TTCGCTGGTCGCAGTC-1-PBS,HSCs #2
TTCTAACGTAGACAGC-1-PBS,Myel. prog. #3
TTCTAACGTATCGGTT-1-PBS,Myel. prog. #2
TTCTAGTAGGATACCG-1-PBS,MK prog.
TTCTAGTCAAGTGGCA-1-PBS,Myel. prog. #1
TTCTAGTCAGTCTACA-1-PBS,HSCs #2
TTCTAGTGTCATGCAT-1-PBS,Ery. prog. #2
TTCTAGTTCCGGCAAC-1-PBS,Myel. prog. #2
TTCTAGTTCTCGCAGG-1-PBS,LMPPs #1
TTCTCTCAGGTAAGTT-1-PBS,Myel. prog. #2
TTCTCTCTCCTGTTAT-1-PBS,MK prog.
TTCTGTAAGGATATGT-1-PBS,Myel. prog. #2
TTCTGTATCCGTAGGC-1-PBS,HSCs #2
TTCTGTATCTATTTCG-1-PBS,HSCs #1.
TTCTTCCCATCATGAC-1-PBS,LMPPs #2
TTCTTCCGTAGGCTCC-1-PBS,Myel. prog. #3
TTCTTCCGTTTGATCG-1-PBS,Myel. prog. #3
TTGAACGAGACATATG-1-PBS,HSCs #1.
TTGAACGAGCATCTTG-1-PBS,Myel. prog. #3
TTGAACGGTCGTCGGT-1-PBS,Eosinophil prog.
TTGAGTGAGATTAGTG-1-PBS,Myel. prog. #1
TTGAGTGCACATTCGA-1-PBS,Myel. prog. #2
TTGAGTGGTGCACAAG-1-PBS,Myel. prog. #2
TTGAGTGTCTCCCATG-1-PBS,MK prog.
TTGATGGAGAGCATCG-1-PBS,MK prog.
TTGATGGTCTTTGCTA-1-PBS,LMPPs #1
TTGCATTAGCACGTCC-1-PBS,HSCs #2
TTGCATTCAACTTCTT-1-PBS,Myel. prog. #3
TTGCATTCACTCACTC-1-PBS,Myel. prog. #1
TTGCATTCAGTGCGCT-1-PBS,Myel. prog. #2
TTGCATTGTATACAGA-1-PBS,Myel. prog. #3
TTGCCTGAGATGAAGG-1-PBS,MK prog.
TTGCCTGGTTCTCGTC-1-PBS,HSCs #2
TTGCGTCCAGCTGTTA-1-PBS,HSCs #2
TTGCGTCTCAGTCATG-1-PBS,MK prog.
TTGCGTCTCGTTCGCT-1-PBS,HSCs/Ery. prog.
TTGCTGCAGTAAGAGG-1-PBS,Myel. prog. #3
TTGCTGCTCAAGTCGT-1-PBS,LMPPs #2
TTGGATGCACCAGACC-1-PBS,Myel. prog. #1
TTGGATGTCAGTGCGC-1-PBS,HSCs #2
TTGGGATCATTCACAG-1-PBS,Myel. prog. #2
TTGGGATGTGAACCGA-1-PBS,Myel. prog. #2
TTGGGCGAGTTGTAGA-1-PBS,Ery. prog. #2
TTGGGCGCATGACTTG-1-PBS,HSCs #2
TTGGGCGTCTGCGGAC-1-PBS,MK prog.
TTGGGTAAGTCTGCGC-1-PBS,MK prog.
TTGGGTACATTCTCTA-1-PBS,MK prog.
TTGGGTAGTTAGGCCC-1-PBS,Myel. prog. #3
TTGGTTTAGGCCTGCT-1-PBS,HSCs #2
TTGGTTTCACCCTAAA-1-PBS,HSCs #2
TTGGTTTCACGTGTGC-1-PBS,Ery. prog. #2
TTGGTTTTCCACATAG-1-PBS,Ery. prog. #2
TTGGTTTTCCCAAGTA-1-PBS,Myel. prog. #3
TTGTGGAAGAATCGAT-1-PBS,Myel. prog. #2
TTGTGGACAGGGATAC-1-PBS,MK prog.
TTGTGGATCACCATGA-1-PBS,LMPPs #1
TTGTGGATCTTCTCAA-1-PBS,Myel. prog. #3
TTGTGTTCATTGTACG-1-PBS,MK prog.
TTGTGTTTCTTACACT-1-PBS,HSCs/Ery. prog.
TTGTTGTAGAGTGTGC-1-PBS,LMPPs #1
TTGTTGTCACATGTTG-1-PBS,LMPPs #2
TTGTTTGTCCATCAGA-1-PBS,Ery. prog. #2
TTTACCATCACGGTCG-1-PBS,Myel. prog. #1
TTTACGTCAGTGCCTG-1-PBS,HSCs #2
TTTACGTGTATCAGGG-1-PBS,Myel. prog. #1
TTTACGTTCTCGCCTA-1-PBS,Ery. prog. #1
TTTACGTTCTGTCGTC-1-PBS,Myel. prog. #1
TTTACTGCACGTTGGC-1-PBS,Myel. prog. #3
TTTACTGTCCGAGAAG-1-PBS,Ery. prog. #2
TTTAGTCAGCCTTTCC-1-PBS,HSCs #2
TTTAGTCTCGGTCATA-1-PBS,Ery. prog. #2
TTTATGCAGCGTCTCG-1-PBS,Myel. prog. #2
TTTATGCGTGCCTTTC-1-PBS,Ery. prog. #2
TTTATGCGTTTCACTT-1-PBS,HSCs/Ery. prog.
TTTCACAGTTCGGACC-1-PBS,LMPPs #1
TTTCACATCATCCTAT-1-PBS,Ery. prog. #2
TTTCAGTCACGGGTAA-1-PBS,LMPPs #2
TTTCAGTCAGCGACCT-1-PBS,Ery. prog. #2
TTTCAGTGTTCCACAA-1-PBS,HSCs #1.
TTTCATGGTGGGCTTC-1-PBS,Myel. prog. #1
TTTCATGGTGGTAATA-1-PBS,Myel. prog. #1
TTTCATGGTTCGGTCG-1-PBS,Myel. prog. #1
TTTCCTCAGACCAGCA-1-PBS,HSCs #2
TTTCCTCAGCCACTCG-1-PBS,Eosinophil prog.
TTTCCTCAGCGACAGT-1-PBS,LMPPs #1
TTTCCTCGTTGAATCC-1-PBS,Ery. prog. #1
TTTCGATAGCTGGTGA-1-PBS,Ery. prog. #2
TTTCGATCACTACGGC-1-PBS,HSCs #2
TTTCGATCAGAACTTC-1-PBS,HSCs #2
TTTGACTAGAGTTGAT-1-PBS,Ery. prog. #1
TTTGACTGTTCTTCAT-1-PBS,LMPPs #2
TTTGATCAGCGACATG-1-PBS,LMPPs #2
TTTGATCAGCGCCTTG-1-PBS,Myel. prog. #1
TTTGATCGTCCAGGTC-1-PBS,LMPPs #1
TTTGATCTCAGTCTTT-1-PBS,HSCs #1.
TTTGGTTCATGACAGG-1-PBS,HSCs #2
TTTGTTGAGCTAGATA-1-PBS,MK prog.
TTTGTTGCACTTGAAC-1-PBS,MK prog.
TTTGTTGCAGTTCACA-1-PBS,Ery. prog. #1
